"Name","playerid","Team","Pos","PA","IP","Primary WAR","Total WAR"
"Mike Trout","10155","Angels","CF","425","","6.62194919586182","6.6"
"Cody Bellinger","15998","Dodgers","RF","423","","6.14539003372192","6.1"
"Christian Yelich","11477","Brewers","RF","416","","5.87912464141846","5.9"
"Max Scherzer","3137","Nationals","P","","129.1","5.55266141891479","5.5"
"Xander Bogaerts","12161","Red Sox","SS","443","","4.77540683746338","4.8"
"Lance Lynn","2520","Rangers","P","","135.0","4.60594129562378","4.6"
"Ketel Marte","13613","Diamondbacks","2B/CF","432","","4.52609634399414","4.5"
"Alex Bregman","17678","Astros","3B/SS","447","","4.28421068191528","4.3"
"Zack Greinke","1943","Diamondbacks","P","","135.0","3.39126944541931","4.3"
"Matt Chapman","16505","Athletics","3B","422","","4.19067859649658","4.2"
"Gerrit Cole","13125","Astros","P","","136.2","4.10226488113403","4.1"
"Kris Bryant","15429","Cubs","3B","424","","4.07640838623047","4.1"
"Stephen Strasburg","10131","Nationals","P","","133.2","3.88879799842834","4.1"
"Jacob deGrom","10954","Mets","P","","122.0","3.60332703590393","4.0"
"Rafael Devers","17350","Red Sox","3B","433","","3.96561336517334","4.0"
"Anthony Rendon","12861","Nationals","3B","371","","3.76926469802856","3.8"
"DJ LeMahieu","9874","Yankees","2B/3B","414","","3.76618647575378","3.8"
"Ronald Acuna Jr.","18401","Braves","CF/LF","466","","3.75474786758423","3.8"
"Hyun-Jin Ryu","14444","Dodgers","P","","123.0","3.57670855522156","3.6"
"Yoan Moncada","17232","White Sox","3B","389","","3.62021517753601","3.6"
"Marcus Semien","12533","Athletics","SS","474","","3.61209750175476","3.6"
"Charlie Morton","4676","Rays","P","","124.1","3.61240077018738","3.6"
"Javier Baez","12979","Cubs","SS","425","","3.58478045463562","3.6"
"Peter Alonso","19251","Mets","1B","421","","3.56214118003845","3.6"
"Lucas Giolito","15474","White Sox","P","","112.2","3.5605263710022","3.5"
"Brandon Woodruff","16162","Brewers","P","","117.2","3.04997587203979","3.5"
"Yasmani Grandal","11368","Brewers","C","382","","3.48534822463989","3.5"
"Max Muncy","13301","Dodgers","1B/2B","404","","3.48453235626221","3.5"
"Jorge Polanco","13152","Twins","SS","443","","3.46002292633057","3.5"
"Mookie Betts","13611","Red Sox","RF","475","","3.40844225883484","3.4"
"Fernando Tatis Jr.","19709","Padres","SS","283","","3.39455795288086","3.4"
"George Springer","12856","Astros","RF/CF","323","","3.39093470573425","3.4"
"Trevor Story","12564","Rockies","SS","396","","3.36317348480225","3.4"
"Joey Gallo","14128","Rangers","CF/LF","297","","3.34722256660461","3.3"
"Matthew Boyd","15440","Tigers","P","","126.0","3.28335547447205","3.3"
"Nolan Arenado","9777","Rockies","3B","424","","3.32881665229797","3.3"
"Shane Bieber","19427","Indians","P","","124.1","3.35787749290466","3.3"
"Michael Brantley","4106","Astros","LF","416","","3.23558020591736","3.2"
"Chris Sale","10603","Red Sox","P","","123.2","3.21350431442261","3.2"
"Walker Buehler","19374","Dodgers","P","","117.0","3.17620253562927","3.2"
"Zack Wheeler","10310","Mets","P","","119.0","2.585932970047","3.1"
"Max Kepler","12144","Twins","RF/CF","417","","3.13210797309875","3.1"
"Eduardo Escobar","6153","Diamondbacks","3B","440","","3.09188771247864","3.1"
"Josh Donaldson","5038","Braves","3B","411","","2.99276804924011","3.0"
"Ramon Laureano","17128","Athletics","CF","403","","2.98221778869629","3.0"
"Jose Berrios","14168","Twins","P","","127.2","3.004399061203","3.0"
"Patrick Corbin","9323","Nationals","P","","124.1","3.09925508499146","2.9"
"Carlos Santana","2396","Indians","1B","429","","2.93850064277649","2.9"
"Frankie Montas","14309","Athletics","P","","90.0","2.88989233970642","2.9"
"Sonny Gray","12768","Reds","P","","109.1","2.80172228813171","2.9"
"Freddie Freeman","5361","Braves","1B","455","","2.83228087425232","2.8"
"Whit Merrifield","11281","Royals","2B/RF","466","","2.81703233718872","2.8"
"Christian Vazquez","9774","Red Sox","C","317","","2.81661772727966","2.8"
"Mitch Garver","15161","Twins","C","207","","2.80853176116943","2.8"
"German Marquez","15038","Rockies","P","","137.0","2.60295367240906","2.8"
"Mike Moustakas","4892","Brewers","2B/3B","409","","2.73504996299744","2.7"
"J.T. Realmuto","11739","Phillies","C","376","","2.73014545440674","2.7"
"Jeff McNeil","15362","Mets","LF","366","","2.72286367416382","2.7"
"Anthony Rizzo","3473","Cubs","1B","423","","2.71725535392761","2.7"
"Francisco Lindor","12916","Indians","SS","368","","2.71398568153381","2.7"
"Justin Verlander","8700","Astros","P","","138.2","2.69101786613464","2.7"
"Paul DeJong","18015","Cardinals","SS","420","","2.66337752342224","2.7"
"Noah Syndergaard","11762","Mets","P","","119.2","2.5604076385498","2.6"
"Mike Soroka","18383","Braves","P","","102.1","2.71411323547363","2.6"
"Mike Minor","10021","Rangers","P","","129.0","2.69893836975098","2.6"
"Trevor Bauer","12703","Indians","P","","152.1","2.57984972000122","2.6"
"Willson Contreras","11609","Cubs","C","306","","2.56798601150513","2.6"
"Marcus Stroman","13431","Blue Jays","P","","117.2","2.57530665397644","2.6"
"Kirby Yates","9073","Padres","P","","43.0","2.54470252990723","2.5"
"Madison Bumgarner","5524","Giants","P","","132.2","2.42838859558105","2.5"
"Gleyber Torres","16997","Yankees","2B/SS","385","","2.53993701934814","2.5"
"Tommy Pham","2967","Rays","LF","433","","2.53249645233154","2.5"
"David Fletcher","17992","Angels","3B","382","","2.5040180683136","2.5"
"Rhys Hoskins","16472","Phillies","1B","441","","2.49052309989929","2.5"
"Brandon Lowe","18882","Rays","2B","307","","2.47966957092285","2.5"
"David Price","3184","Red Sox","P","","92.1","2.42723560333252","2.5"
"Josh Bell","13145","Pirates","1B","431","","2.44295430183411","2.4"
"Blake Snell","13543","Rays","P","","101.0","2.43854689598084","2.4"
"Kyle Hendricks","12049","Cubs","P","","108.1","2.23746728897095","2.4"
"Joe Musgrove","12970","Pirates","P","","110.1","2.30560207366943","2.4"
"Manny Machado","11493","Padres","3B/SS","417","","2.39671730995178","2.4"
"Clayton Kershaw","2036","Dodgers","P","","111.0","2.56835198402405","2.4"
"Hunter Dozier","15117","Royals","3B","332","","2.30529713630676","2.3"
"Marco Gonzales","15467","Mariners","P","","127.2","2.33823180198669","2.3"
"Alex Verdugo","17027","Dodgers","CF","344","","2.29168820381165","2.3"
"Aaron Judge","15640","Yankees","RF","198","","2.28518390655518","2.3"
"Ozzie Albies","16556","Braves","2B","435","","2.26407265663147","2.3"
"Byron Buxton","14161","Twins","CF","268","","2.25666999816895","2.3"
"Jon Lester","4930","Cubs","P","","107.0","1.81490027904511","2.2"
"Bryce Harper","11579","Phillies","RF","445","","2.21360421180725","2.2"
"Tommy La Stella","12371","Angels","2B/3B","312","","2.18824601173401","2.2"
"Cole Hamels","4972","Cubs","P","","99.2","2.28791308403015","2.2"
"Austin Meadows","15672","Rays","RF/DH","348","","2.17546415328979","2.2"
"Hunter Renfroe","15464","Padres","RF/LF","329","","2.17240071296692","2.2"
"Liam Hendriks","3548","Athletics","P","","55.1","2.17055869102478","2.2"
"Jake Odorizzi","6397","Twins","P","","99.0","2.17634606361389","2.2"
"Masahiro Tanaka","15764","Yankees","P","","117.0","2.17372727394104","2.2"
"Eric Sogard","7927","Blue Jays","2B","313","","2.14247345924377","2.1"
"Bryan Reynolds","19326","Pirates","RF/LF","299","","2.13975477218628","2.1"
"Eugenio Suarez","12552","Reds","3B","417","","2.12684178352356","2.1"
"Juan Soto","20123","Nationals","LF","389","","2.12007808685303","2.1"
"Luis Castillo","15689","Reds","P","","118.0","2.36137127876282","2.1"
"Starling Marte","9241","Pirates","CF","405","","2.06752920150757","2.1"
"James McCann","12859","White Sox","C","289","","2.05479145050049","2.1"
"Yuli Gurriel","19198","Astros","1B/3B","408","","2.04223704338074","2.0"
"Jean Segura","5933","Phillies","SS","389","","2.03083252906799","2.0"
"Kyle Gibson","10123","Twins","P","","110.1","2.05125761032104","2.0"
"Adalberto Mondesi","13769","Royals","SS","360","","2.01803350448608","2.0"
"Matt Olson","14344","Athletics","1B","288","","2.01719450950623","2.0"
"Corey Seager","13624","Dodgers","SS","313","","2.0151698589325","2.0"
"Justin Turner","5235","Dodgers","3B","383","","2.00410747528076","2.0"
"Brett Gardner","9927","Yankees","CF/LF","354","","1.99820697307587","2.0"
"James Paxton","11828","Yankees","P","","85.2","1.99865627288818","1.9"
"Kenta Maeda","18498","Dodgers","P","","108.2","1.46847999095917","1.9"
"John Means","16269","Orioles","P","","94.2","1.82325994968414","1.9"
"Trey Mancini","15149","Orioles","1B/RF","402","","1.90258312225342","1.9"
"Mark Canha","11445","Athletics","RF","250","","1.90026831626892","1.9"
"Roberto Perez","2900","Indians","C","277","","1.89152109622955","1.9"
"Elvis Andrus","8709","Rangers","SS","396","","1.8862133026123","1.9"
"Tanner Roark","8753","Reds","P","","107.0","1.81881356239319","1.9"
"Daniel Vogelbach","14130","Mariners","1B/DH","370","","1.8564704656601","1.9"
"Derek Dietrich","10542","Reds","2B","264","","1.8542160987854","1.9"
"Joc Pederson","11899","Dodgers","LF","333","","1.84602272510529","1.8"
"Kole Calhoun","11200","Angels","RF","401","","1.81612539291382","1.8"
"Tyler Skaggs","10190","Angels","P","","79.2","1.79149508476257","1.8"
"Lourdes Gurriel Jr.","19238","Blue Jays","LF","265","","1.81111824512482","1.8"
"Tyler Glasnow","14374","Rays","P","","48.1","1.83022665977478","1.8"
"Mike Fiers","7754","Athletics","P","","128.2","1.80651760101318","1.8"
"Edwin Encarnacion","2151","- - -","1B/DH","410","","1.78267263621092","1.8"
"Eduardo Rodriguez","13164","Red Sox","P","","123.0","1.78239262104034","1.8"
"Nick Ahmed","12147","Diamondbacks","SS","396","","1.77758860588074","1.8"
"Alex Gordon","5209","Royals","LF","409","","1.77652823925018","1.8"
"Max Fried","13743","Braves","P","","103.2","1.61541378498077","1.8"
"Josh Hader","14212","Brewers","P","","47.2","1.77552115917206","1.7"
"Yonny Chirinos","16401","Rays","P","","117.2","1.76345860958099","1.7"
"Nelson Cruz","2434","Twins","DH","318","","1.73916518688202","1.7"
"Spencer Turnbull","16207","Tigers","P","","98.2","1.83555388450623","1.7"
"Pablo Lopez","17085","Marlins","P","","76.2","1.64266431331635","1.7"
"Carlos Correa","14162","Astros","SS","214","","1.72951602935791","1.7"
"Scott Kingery","17975","Phillies","CF","271","","1.72768354415894","1.7"
"Dansby Swanson","18314","Braves","SS","431","","1.72471451759338","1.7"
"Martin Perez","6902","Twins","P","","105.0","1.73483347892761","1.7"
"Marcell Ozuna","10324","Cardinals","LF","326","","1.71321427822113","1.7"
"Carson Kelly","13620","Diamondbacks","C","222","","1.69646513462067","1.7"
"Danny Santana","10322","Rangers","PH/PR","267","","1.6838653087616","1.7"
"Michael Conforto","16376","Mets","RF","389","","1.68195950984955","1.7"
"Jon Gray","14916","Rockies","P","","120.1","2.03266716003418","1.7"
"Aaron Nola","16149","Phillies","P","","128.2","1.8938215970993","1.7"
"Luke Weaver","16918","Diamondbacks","P","","62.1","1.67866122722626","1.7"
"Tim Anderson","15172","White Sox","SS","281","","1.65192794799805","1.7"
"Tyler Flowers","9134","Braves","C","193","","1.64689552783966","1.6"
"Yandy Diaz","16578","Rays","1B/3B","344","","1.63801968097687","1.6"
"Michael Pineda","5372","Twins","P","","104.0","1.64030408859253","1.6"
"Luke Voit","14811","Yankees","1B/DH","395","","1.60802376270294","1.6"
"Yordan Alvarez","19556","Astros","DH","138","","1.60687112808228","1.6"
"Wade Miley","8779","Astros","P","","121.2","1.64997470378876","1.6"
"Jason Heyward","4940","Cubs","RF/CF","374","","1.57687616348267","1.6"
"Felipe Vazquez","12076","Pirates","P","","42.1","1.57989192008972","1.6"
"Buster Posey","9166","Giants","C","282","","1.56452107429504","1.6"
"Andrew McCutchen","9847","Phillies","LF","262","","1.5625661611557","1.6"
"Charlie Blackmon","7859","Rockies","RF","385","","1.56051552295685","1.6"
"Howie Kendrick","4229","Nationals","1B/2B","246","","1.56021547317505","1.6"
"Garrett Cooper","15279","Marlins","1B/RF","255","","1.55303108692169","1.6"
"Brian Anderson","18289","Marlins","3B/RF","401","","1.54965388774872","1.5"
"Jack Flaherty","17479","Cardinals","P","","108.1","1.35352325439453","1.5"
"Christian Walker","13419","Diamondbacks","1B","382","","1.54296886920929","1.5"
"J.D. Martinez","6184","Red Sox","DH","413","","1.53922843933105","1.5"
"David Peralta","2136","Diamondbacks","LF","324","","1.53671610355377","1.5"
"Shin-Soo Choo","3174","Rangers","LF/DH","419","","1.52469158172607","1.5"
"Jason Castro","8722","Twins","C","174","","1.52405321598053","1.5"
"Keston Hiura","20003","Brewers","2B","160","","1.52274584770203","1.5"
"Kevin Kiermaier","11038","Rays","CF","338","","1.51915717124939","1.5"
"Ken Giles","12910","Blue Jays","P","","34.0","1.51811420917511","1.5"
"Brad Keller","15734","Royals","P","","125.0","1.60070383548737","1.5"
"Ryan Yarbrough","16502","Rays","P","","75.2","1.5116171836853","1.5"
"Omar Narvaez","13338","Mariners","C","324","","1.50614845752716","1.5"
"Andrew Cashner","8782","- - -","P","","107.1","1.54189345240593","1.5"
"Jose Quintana","11423","Cubs","P","","112.0","1.85950636863709","1.5"
"Domingo German","17149","Yankees","P","","91.2","1.56108105182648","1.5"
"Andrew Benintendi","17901","Red Sox","LF","408","","1.47374963760376","1.5"
"Hunter Pence","8252","Rangers","LF/DH","240","","1.4689267873764","1.5"
"Kevin Newman","17696","Pirates","SS","288","","1.46704816818237","1.5"
"Austin Hedges","12976","Padres","C","227","","1.46556615829468","1.5"
"Adam Frazier","15223","Pirates","2B","377","","1.45800459384918","1.5"
"Ryan Pressly","7005","Astros","P","","43.1","1.45496904850006","1.5"
"Sean Doolittle","1581","Nationals","P","","41.0","1.48467659950256","1.4"
"Gary Sanchez","11442","Yankees","C","328","","1.44502186775208","1.4"
"Nicholas Castellanos","11737","Tigers","RF","415","","1.44153225421906","1.4"
"Jose Altuve","5417","Astros","2B","294","","1.43794071674347","1.4"
"Jorge Soler","14221","Royals","RF/DH","420","","1.43375277519226","1.4"
"Miles Mikolas","9803","Cardinals","P","","114.1","1.37889420986176","1.4"
"Jake Marisnick","11339","Astros","CF","222","","1.41869175434113","1.4"
"Brad Hand","9111","Indians","P","","42.1","1.41696929931641","1.4"
"Leury Garcia","5913","White Sox","CF","388","","1.41459321975708","1.4"
"David Dahl","13744","Rockies","RF/CF/LF","368","","1.41024041175842","1.4"
"Freddy Galvis","6609","Blue Jays","SS","402","","1.40297782421112","1.4"
"Miguel Sano","12164","Twins","3B","211","","1.39319658279419","1.4"
"Robbie Ray","11486","Diamondbacks","P","","123.0","1.67701733112335","1.4"
"Eric Lauer","19316","Padres","P","","96.0","1.41840219497681","1.4"
"Ty Buttrey","14719","Angels","P","","47.2","1.38939130306244","1.4"
"Caleb Smith","14875","Marlins","P","","90.0","1.40463292598724","1.4"
"Trea Turner","16252","Nationals","SS","277","","1.38708317279816","1.4"
"Evan Longoria","9368","Giants","3B","311","","1.38089513778687","1.4"
"Adam Eaton","11205","Nationals","RF","422","","1.38033723831177","1.4"
"Miguel Rojas","7802","Marlins","SS","372","","1.35862970352173","1.4"
"Taylor Rogers","13449","Twins","P","","47.2","1.35810232162476","1.4"
"Shohei Ohtani","19755","Angels","DH","259","","1.3502779006958","1.4"
"Tyler Mahle","16358","Reds","P","","102.1","1.44817042350769","1.3"
"Avisail Garcia","5760","Rays","RF/DH","375","","1.33890426158905","1.3"
"Enrique Hernandez","10472","Dodgers","2B","354","","1.33842980861664","1.3"
"Zach Davies","13183","Brewers","P","","113.2","1.37740349769592","1.3"
"Luis Arraez","18568","Twins","2B","139","","1.33622682094574","1.3"
"J.P. Crawford","15491","Mariners","SS","207","","1.33495986461639","1.3"
"Ian Kennedy","6986","Royals","P","","41.1","1.32993221282959","1.3"
"Tom Murphy","13499","Mariners","C","144","","1.30033791065216","1.3"
"Marwin Gonzalez","5497","Twins","3B","328","","1.32532072067261","1.3"
"Mike Clevinger","12808","Indians","P","","42.1","1.31891262531281","1.3"
"Niko Goodrum","12092","Tigers","SS","365","","1.31869006156921","1.3"
"Trevor Williams","16977","Pirates","P","","81.2","1.1519433259964","1.3"
"Andrelton Simmons","10847","Angels","SS","274","","1.314448595047","1.3"
"Will Smith","8048","Giants","P","","44.1","1.31100308895111","1.3"
"Aroldis Chapman","10233","Yankees","P","","38.2","1.30976617336273","1.3"
"Brad Peacock","5401","Astros","P","","85.0","1.30847728252411","1.3"
"Adam Wainwright","2233","Cardinals","P","","98.0","1.21298599243164","1.3"
"Daniel Norris","13475","Tigers","P","","100.1","1.28036642074585","1.3"
"Alex Dickerson","12649","- - -","LF","106","","1.27761620283127","1.3"
"Trent Thornton","17948","Blue Jays","P","","99.0","1.16276371479034","1.3"
"Oscar Mercado","16375","Indians","CF/LF","235","","1.26918315887451","1.3"
"Chris Paddack","20099","Padres","P","","95.0","1.45153319835663","1.3"
"Jorge Alfaro","12180","Marlins","C","284","","1.25215184688568","1.3"
"Chris Taylor","13757","Dodgers","SS/LF","298","","1.25101065635681","1.3"
"Victor Robles","18363","Nationals","CF","372","","1.24976217746735","1.2"
"Anthony DeSclafani","13050","Reds","P","","98.1","1.28657197952271","1.2"
"David Freese","9549","Dodgers","1B","163","","1.23015666007996","1.2"
"Giovanny Urshela","10681","Yankees","3B","284","","1.22718226909637","1.2"
"Eric Thames","3711","Brewers","1B","275","","1.22423207759857","1.2"
"Eddie Rosario","12155","Twins","LF","353","","1.22226405143738","1.2"
"Franmil Reyes","14566","Padres","RF","334","","1.21318650245667","1.2"
"Chris Bassitt","12304","Athletics","P","","88.2","1.24876797199249","1.2"
"Giovanny Gallegos","14986","Cardinals","P","","48.1","1.24992990493774","1.2"
"Kolten Wong","12532","Cardinals","2B","357","","1.21189141273499","1.2"
"Zach Eflin","13774","Phillies","P","","110.0","1.32904887199402","1.2"
"Manuel Margot","14712","Padres","CF","254","","1.20652484893799","1.2"
"Rick Porcello","2717","Red Sox","P","","110.2","1.22696626186371","1.2"
"Matt Barnes","12863","Red Sox","P","","40.1","1.19946038722992","1.2"
"Jay Bruce","9892","- - -","RF/LF","305","","1.18631398677826","1.2"
"Jarrod Dyson","4866","Diamondbacks","CF","293","","1.1830495595932","1.2"
"Robinson Chirinos","3142","Astros","C","302","","1.18081760406494","1.2"
"Brett Anderson","8223","Athletics","P","","115.1","1.06852769851685","1.2"
"Mitch Haniger","14274","Mariners","RF/CF","283","","1.17175900936127","1.2"
"Mike Leake","10130","Mariners","P","","124.1","1.13285756111145","1.2"
"Ross Stripling","13273","Dodgers","P","","71.2","1.06399691104889","1.1"
"Tyler Naquin","13359","Indians","RF","212","","1.12595534324646","1.1"
"Dexter Fowler","4062","Cardinals","RF/CF","323","","1.12559545040131","1.1"
"Julio Urias","14765","Dodgers","P","","57.2","0.916788041591644","1.1"
"Danny Jansen","16535","Blue Jays","C","271","","1.12073504924774","1.1"
"Dominic Smith","15653","Mets","1B/LF","189","","1.11571002006531","1.1"
"Yasiel Puig","14225","Reds","RF","380","","1.11475074291229","1.1"
"Carlos Carrasco","6632","Indians","P","","65.0","1.11264479160309","1.1"
"Hansel Robles","11801","Angels","P","","46.2","1.10921728610992","1.1"
"Travis d'Arnaud","7739","- - -","C","196","","1.10285306535661","1.1"
"Chase Anderson","6895","Brewers","P","","83.0","1.39923644065857","1.1"
"Greg Garcia","10951","Padres","2B","216","","1.093994140625","1.1"
"Nick Senzel","19293","Reds","CF","276","","1.08535611629486","1.1"
"Ariel Jurado","17030","Rangers","P","","75.0","1.09000658988953","1.1"
"Roberto Osuna","13764","Astros","P","","42.2","1.0726854801178","1.1"
"Logan Forsythe","7185","Rangers","1B/3B","249","","1.06287014484406","1.1"
"Joey Lucchesi","19320","Padres","P","","105.1","1.34918344020844","1.1"
"Amed Rosario","15518","Mets","SS","397","","1.05488038063049","1.1"
"Ryne Stanek","15947","Rays","P","","55.2","1.05227696895599","1.1"
"Mike Tauchman","15274","Yankees","RF/LF","153","","1.0360289812088","1.0"
"Jonathan Schoop","11265","Twins","2B","329","","1.03479146957397","1.0"
"Robbie Grossman","5254","Athletics","LF","306","","1.03410398960114","1.0"
"J.A. Happ","7410","Yankees","P","","100.0","1.08320081233978","1.0"
"Steven Brault","15291","Pirates","P","","60.2","0.618955016136169","1.0"
"Paul Goldschmidt","9218","Cardinals","1B","423","","1.02585804462433","1.0"
"Danny Duffy","3542","Royals","P","","89.2","1.0458676815033","1.0"
"Jose Ramirez","13510","Indians","3B","414","","1.01995539665222","1.0"
"Reynaldo Lopez","16400","White Sox","P","","111.0","1.03996610641479","1.0"
"Brandon Workman","11428","Red Sox","P","","45.2","1.01526713371277","1.0"
"Cameron Maybin","5223","Yankees","RF/LF","133","","1.00116121768951","1.0"
"Sam Dyson","11710","Giants","P","","49.0","0.997164726257324","1.0"
"Brian Dozier","9810","Nationals","2B","345","","0.992555975914001","1.0"
"Kenley Jansen","3096","Dodgers","P","","39.2","0.999114155769348","1.0"
"Scott Oberg","13911","Rockies","P","","47.2","1.00078225135803","1.0"
"Jordan Lyles","7593","Pirates","P","","80.2","1.10640347003937","1.0"
"Willy Adames","15986","Rays","SS","378","","0.981813371181488","1.0"
"Sandy Alcantara","18684","Marlins","P","","112.1","0.86578369140625","1.0"
"Harrison Bader","18030","Cardinals","CF","253","","0.979650855064392","1.0"
"Brian McCann","4810","Braves","C","214","","0.971661865711212","1.0"
"Aaron Hicks","5297","Yankees","CF","220","","0.969709694385529","1.0"
"Nick Anderson","18337","Marlins","P","","41.1","0.967967510223389","1.0"
"David Bote","14593","Cubs","2B/3B","274","","0.967202305793762","1.0"
"Homer Bailey","8362","- - -","P","","98.0","0.976592198014259","1.0"
"Merrill Kelly","11156","Diamondbacks","P","","119.1","1.320277094841","1.0"
"Renato Nunez","14503","Orioles","DH","374","","0.956073880195618","1.0"
"Kevin Gausman","14107","Braves","P","","69.1","1.19136714935303","1.0"
"Jakob Junis","13619","Royals","P","","119.1","0.968814194202423","0.9"
"Seth Lugo","12447","Mets","P","","48.2","0.936804056167603","0.9"
"Jordan Luplow","16424","Indians","RF/LF","188","","0.934927463531494","0.9"
"Dylan Bundy","12917","Orioles","P","","98.0","0.958523452281952","0.9"
"Jake Arrieta","4153","Phillies","P","","118.2","0.821383416652679","0.9"
"Julio Teheran","6797","Braves","P","","112.1","1.00976181030273","0.9"
"Emilio Pagan","14771","Rays","P","","40.1","0.928254723548889","0.9"
"Adrian Sampson","13339","Rangers","P","","102.1","0.941381931304932","0.9"
"Ryan Braun","3410","Brewers","LF","342","","0.907078683376312","0.9"
"Adam Ottavino","1247","Yankees","P","","45.0","0.906448006629944","0.9"
"Todd Frazier","785","Mets","3B","290","","0.897829413414001","0.9"
"Jose Leclerc","14524","Rangers","P","","45.0","0.895671367645264","0.9"
"Trevor Richards","19309","Marlins","P","","109.0","0.941177546977997","0.9"
"David Hernandez","4259","Reds","P","","39.0","0.878349959850311","0.9"
"Josh Reddick","3892","Astros","RF","379","","0.872011244297028","0.9"
"Jason Vargas","8044","Mets","P","","88.2","1.03121161460876","0.8"
"Luke Jackson","11752","Braves","P","","48.0","0.842451572418213","0.8"
"Jonathan Villar","10071","Orioles","2B/SS","427","","0.84223860502243","0.8"
"Cesar Hernandez","10556","Phillies","2B","412","","0.841337740421295","0.8"
"Carlos Rodon","16137","White Sox","P","","34.2","0.840238034725189","0.8"
"Reyes Moronta","14966","Giants","P","","46.0","0.829570412635803","0.8"
"Hanser Alberto","11902","Orioles","2B/3B","320","","0.917035758495331","0.8"
"Brian Goodwin","12858","Angels","LF","268","","0.821935296058655","0.8"
"Lorenzo Cain","9077","Brewers","CF","431","","0.82010805606842","0.8"
"Amir Garrett","14375","Reds","P","","38.1","0.819249331951141","0.8"
"Alex Avila","7476","Diamondbacks","C","112","","0.817007839679718","0.8"
"Addison Russell","14106","Cubs","2B","168","","0.813526213169098","0.8"
"J.D. Davis","16219","Mets","3B/LF","250","","0.812703013420105","0.8"
"Wander Suero","15855","Nationals","P","","44.1","0.82462877035141","0.8"
"Jordan Zimmermann","4505","Tigers","P","","56.1","0.832244515419006","0.8"
"John Brebbia","12777","Cardinals","P","","48.2","0.746427059173584","0.8"
"Ryne Harper","12680","Twins","P","","41.0","0.804159700870514","0.8"
"Austin Adams","13801","- - -","P","","24.1","0.806982319802046","0.8"
"Jameson Taillon","11674","Pirates","P","","37.1","0.72654926776886","0.8"
"Gio Gonzalez","7448","Brewers","P","","35.0","0.867692768573761","0.8"
"Buck Farmer","14814","Tigers","P","","40.1","0.783401370048523","0.8"
"Phillip Ervin","14738","Reds","RF/LF","87","","0.783080101013184","0.8"
"Trevor Gott","15046","Giants","P","","42.0","0.781108736991882","0.8"
"Ehire Adrianza","8418","Twins","3B/SS","163","","0.758318305015564","0.8"
"Rich Hill","4806","Dodgers","P","","53.0","0.768172800540924","0.8"
"Joakim Soria","6941","Athletics","P","","47.1","0.767657220363617","0.8"
"Luis Rengifo","19858","Angels","2B","241","","0.76605612039566","0.8"
"Jordan Yamamoto","17585","Marlins","P","","38.0","0.837607204914093","0.8"
"Michael Chavis","17321","Red Sox","1B/2B","332","","0.7588991522789","0.8"
"Freddy Peralta","18679","Brewers","P","","66.2","0.797880291938782","0.8"
"Griffin Canning","19867","Angels","P","","71.1","0.769491851329803","0.7"
"Brock Holt","9345","Red Sox","2B","141","","0.745376586914063","0.7"
"Marcus Walden","8004","Red Sox","P","","50.2","0.758099853992462","0.7"
"Yoshihisa Hirano","19756","Diamondbacks","P","","36.2","0.741841316223145","0.7"
"John Gant","13684","Cardinals","P","","48.1","0.759466111660004","0.7"
"Tommy Kahnle","11384","Yankees","P","","39.1","0.7307488322258","0.7"
"Colin Moran","16909","Pirates","3B","304","","0.729757845401764","0.7"
"Anibal Sanchez","3284","Nationals","P","","94.2","1.01335942745209","0.7"
"Jose Abreu","15676","White Sox","1B","422","","0.721964001655579","0.7"
"Jackie Bradley Jr.","12984","Red Sox","CF","370","","0.719273746013641","0.7"
"Jesse Winker","13590","Reds","LF","320","","0.712650060653687","0.7"
"Shane Greene","10756","Tigers","P","","37.0","0.709529638290405","0.7"
"Pablo Sandoval","5409","Giants","1B/3B","250","","0.720875382423401","0.7"
"Aaron Bummer","16258","White Sox","P","","36.1","0.694149792194366","0.7"
"Austin Riley","18360","Braves","LF","241","","0.692181944847107","0.7"
"Sean Newcomb","16943","Braves","P","","44.1","0.782965183258057","0.7"
"Justin Smoak","9054","Blue Jays","1B","341","","0.691542983055115","0.7"
"Jose Osuna","12937","Pirates","1B/3B","76","","0.681506156921387","0.7"
"Curt Casali","12510","Reds","C","172","","0.679898977279663","0.7"
"Domingo Santana","10348","Mariners","RF/LF","437","","0.678433299064636","0.7"
"Taylor Cole","11964","Angels","P","","28.0","0.677542328834534","0.7"
"Cam Bedrosian","13360","Angels","P","","47.1","0.676840424537659","0.7"
"Yusmeiro Petit","4020","Athletics","P","","55.2","0.687674343585968","0.7"
"Stephen Vogt","5000","Giants","C","144","","0.673920094966888","0.7"
"Jake Diekman","5003","Royals","P","","40.2","0.670523881912231","0.7"
"Chad Green","15552","Yankees","P","","39.1","0.6781205534935","0.7"
"Steven Matz","13361","Mets","P","","91.0","0.349304288625717","0.7"
"Pedro Baez","5420","Dodgers","P","","45.0","0.663924634456635","0.7"
"Eloy Jimenez","17484","White Sox","LF","267","","0.663582026958466","0.7"
"Michael Brosseau","19683","Rays","2B/3B","64","","0.655673921108246","0.7"
"Jeff Samardzija","3254","Giants","P","","110.1","0.788404881954193","0.7"
"Yu Darvish","13074","Cubs","P","","115.0","0.83815598487854","0.7"
"Andrew Chafin","12988","Diamondbacks","P","","35.2","0.649868071079254","0.6"
"Ivan Nova","1994","White Sox","P","","119.2","0.666600465774536","0.6"
"Victor Caratini","14968","Cubs","C","127","","0.710969507694244","0.6"
"Manny Pina","2829","Brewers","C","104","","0.641609489917755","0.6"
"Harold Ramirez","14387","Marlins","RF/LF","231","","0.641530394554138","0.6"
"Archie Bradley","12918","Diamondbacks","P","","44.0","0.652762532234192","0.6"
"Anthony Santander","14551","Orioles","RF/LF","164","","0.639154016971588","0.6"
"Charlie Culberson","3298","Braves","LF","77","","0.637668192386627","0.6"
"Edwin Diaz","14710","Mets","P","","39.1","0.631692588329315","0.6"
"Mike Yastrzemski","14854","Giants","RF/LF","185","","0.619040727615356","0.6"
"Will Harris","3192","Astros","P","","37.2","0.614726841449738","0.6"
"Myles Straw","17620","Astros","SS","91","","0.611633658409119","0.6"
"Terrance Gore","13658","Royals","RF/LF","58","","0.611150026321411","0.6"
"Oliver Perez","1514","Indians","P","","26.2","0.607235431671143","0.6"
"David Hale","9756","Yankees","P","","34.2","0.603361845016479","0.6"
"Corey Kluber","2429","Indians","P","","35.2","0.608818888664246","0.6"
"Matt Shoemaker","4776","Blue Jays","P","","28.2","0.587365567684174","0.6"
"Asdrubal Cabrera","4962","Rangers","3B","343","","0.58189982175827","0.6"
"Jesse Chavez","5448","Rangers","P","","68.2","0.533648908138275","0.6"
"Tyler Clippard","5640","Indians","P","","32.2","0.569621205329895","0.6"
"Eric Hosmer","3516","Padres","1B","425","","0.5668865442276","0.6"
"Corey Dickerson","10762","Pirates","LF","126","","0.56294322013855","0.6"
"Pedro Severino","14523","Orioles","C","204","","0.56218010187149","0.6"
"Daniel Mengden","16980","Athletics","P","","50.1","0.584956049919128","0.6"
"Nick Wittgren","15594","Indians","P","","37.2","0.552408933639526","0.6"
"Collin McHugh","7531","Astros","P","","58.0","0.549406409263611","0.5"
"Kyle Schwarber","16478","Cubs","LF","392","","0.547865688800812","0.5"
"Daniel Ponce de Leon","16110","Cardinals","P","","38.1","0.600224375724792","0.5"
"C.J. Cron","12546","Twins","1B","350","","0.542513132095337","0.5"
"Jeimer Candelario","13621","Tigers","3B","264","","0.541378617286682","0.5"
"Brendan McKay","20186","Rays","P","","19.1","0.644128501415253","0.5"
"Tony Wolters","11470","Rockies","C","255","","0.540548264980316","0.5"
"Shawn Kelley","7773","Rangers","P","","33.0","0.538740634918213","0.5"
"Matt Joyce","3353","Braves","RF/LF","103","","0.533007323741913","0.5"
"Steve Cishek","6483","Cubs","P","","46.1","0.557232081890106","0.5"
"Jalen Beeks","17192","Rays","P","","68.1","0.530961871147156","0.5"
"Peter Lambert","17969","Rockies","P","","41.0","0.168146312236786","0.5"
"Tony Kemp","14894","Astros","2B","186","","0.527827024459839","0.5"
"Russell Martin","4616","Dodgers","C","169","","0.502550482749939","0.5"
"Delino DeShields","11379","Rangers","CF","225","","0.525386095046997","0.5"
"Adam Morgan","12580","Phillies","P","","27.0","0.516352534294128","0.5"
"Aledmys Diaz","15937","Astros","1B/2B","118","","0.515938460826874","0.5"
"Matt Strahm","13799","Padres","P","","83.1","0.145100921392441","0.5"
"Aaron Sanchez","11490","Blue Jays","P","","107.0","0.53589254617691","0.5"
"Austin Slater","16153","Giants","RF","56","","0.509273886680603","0.5"
"Nathaniel Lowe","19566","Rays","1B/DH","96","","0.506900131702423","0.5"
"Jefry Rodriguez","17018","Indians","P","","43.2","0.504960894584656","0.5"
"Brandon Kintzler","9939","Cubs","P","","41.2","0.502608001232147","0.5"
"Ben Gamel","12160","Brewers","LF","247","","0.49868455529213","0.5"
"Michael Lorenzen","14843","Reds","P","","51.1","0.434638142585754","0.5"
"Brandon Belt","10264","Giants","1B","396","","0.493423819541931","0.5"
"Austin Barnes","12158","Dodgers","C","229","","0.492540836334229","0.5"
"Josh Taylor","17359","Red Sox","P","","22.2","0.487306237220764","0.5"
"Dustin Garneau","9433","Angels","C","69","","0.486402541399002","0.5"
"J.B. Wendelken","14506","Athletics","P","","25.2","0.483701676130295","0.5"
"Jacob Stallings","13723","Pirates","C","73","","0.483202576637268","0.5"
"Zack Britton","3240","Yankees","P","","41.0","0.479890286922455","0.5"
"Tim Beckham","7949","Mariners","SS","293","","0.479240030050278","0.5"
"Paul Fry","15832","Orioles","P","","38.2","0.477502852678299","0.5"
"Andrew Heaney","15423","Angels","P","","46.0","0.477315306663513","0.5"
"Marco Hernandez","13154","Red Sox","2B","65","","0.475729465484619","0.5"
"Asher Wojciechowski","10836","Orioles","P","","23.0","0.470097273588181","0.5"
"Donovan Solano","8623","Giants","2B/SS","120","","0.469330906867981","0.5"
"Austin Nola","15941","Mariners","1B","51","","0.469100147485733","0.5"
"Nick Markakis","5930","Braves","RF","409","","0.467773169279099","0.5"
"Tim Locastro","15124","Diamondbacks","CF/LF","154","","0.467144906520844","0.5"
"Shaun Anderson","19453","Giants","P","","69.2","0.482722491025925","0.5"
"Luis Perdomo","14682","Padres","P","","40.1","0.442860513925552","0.5"
"Kyle Ryan","11753","Cubs","P","","35.2","0.4779272377491","0.5"
"Chris Martin","11847","Rangers","P","","37.0","0.463178336620331","0.5"
"Jose Urena","11589","Marlins","P","","74.2","0.667017698287964","0.5"
"Trey Wingenter","17793","Padres","P","","38.0","0.460178047418594","0.5"
"Justin Anderson","16201","Angels","P","","35.1","0.459614187479019","0.5"
"Jordan Hicks","19618","Cardinals","P","","28.2","0.457037448883057","0.5"
"Tommy Edman","19470","Cardinals","2B/3B","96","","0.456939488649368","0.5"
"Matt Moore","1890","Tigers","P","","10.0","0.453599482774735","0.5"
"Will Smith","19197","Dodgers","C","29","","0.453075021505356","0.5"
"Jose Iglesias","10231","Reds","SS","330","","0.449362993240356","0.4"
"Carlos Estevez","14542","Rockies","P","","46.2","0.436868071556091","0.4"
"Alex Colome","6661","White Sox","P","","38.2","0.435360997915268","0.4"
"Brad Miller","12775","- - -","2B/3B","88","","0.433582454919815","0.4"
"Lou Trivino","15043","Athletics","P","","44.2","0.432940512895584","0.4"
"Mallex Smith","13608","Mariners","CF","362","","0.429609298706055","0.4"
"Noe Ramirez","12800","Angels","P","","48.2","0.423133283853531","0.4"
"Jake Lamb","13329","Diamondbacks","1B/3B","89","","0.422633737325668","0.4"
"Kevin Pillar","12434","- - -","RF/CF","407","","0.421401023864746","0.4"
"Matt Beaty","17710","Dodgers","1B/LF","124","","0.419172823429108","0.4"
"Joey Votto","4314","Reds","1B","398","","0.418877959251404","0.4"
"Jarlin Garcia","18282","Marlins","P","","30.1","0.421129822731018","0.4"
"Cesar Puello","7216","- - -","RF/CF/LF","125","","0.407991141080856","0.4"
"Hunter Wood","15091","Rays","P","","28.0","0.404510289430618","0.4"
"Tony Sipp","8280","Nationals","P","","18.2","0.402558892965317","0.4"
"Nick Goody","13685","Indians","P","","19.1","0.399952203035355","0.4"
"Justin Upton","5222","Angels","LF","101","","0.386102199554443","0.4"
"Jeremy Jeffress","9490","Brewers","P","","40.2","0.386022657155991","0.4"
"Dylan Floro","13394","Dodgers","P","","35.0","0.393509209156036","0.4"
"Sergio Romo","9817","Marlins","P","","36.2","0.37957176566124","0.4"
"Jason Kipnis","9776","Indians","2B","335","","0.377577900886536","0.4"
"Didi Gregorius","6012","Yankees","SS","133","","0.377297729253769","0.4"
"Robert Stephenson","13594","Reds","P","","38.2","0.386901795864105","0.4"
"Yolmer Sanchez","11602","White Sox","2B","317","","0.373296529054642","0.4"
"A.J. Pollock","9256","Dodgers","CF","156","","0.37229511141777","0.4"
"Jose Urquidy","18413","Astros","P","","13.0","0.392678171396255","0.4"
"Mitch Moreland","3086","Red Sox","1B","176","","0.366581171751022","0.4"
"Ryan Goins","9807","White Sox","SS","18","","0.360668808221817","0.4"
"Cal Quantrill","19312","Padres","P","","52.2","0.543743133544922","0.4"
"Jose Martinez","7996","Cardinals","RF","296","","0.356351256370544","0.4"
"Yusei Kikuchi","20633","Mariners","P","","107.1","0.355439305305481","0.4"
"Martin Maldonado","6887","- - -","C","276","","0.352268487215042","0.4"
"Javy Guerra","7407","- - -","P","","37.2","0.377758845686913","0.4"
"Trevor Hildenberger","17002","Twins","P","","14.0","0.350358903408051","0.4"
"Ryan Lavarnway","8879","Reds","C","14","","0.347238212823868","0.3"
"Mark Melancon","4264","Giants","P","","44.1","0.346895456314087","0.3"
"Thairo Estrada","16426","Yankees","2B","54","","0.338715374469757","0.3"
"Scott Barlow","14993","Royals","P","","39.2","0.336299449205399","0.3"
"Clint Frazier","15983","Yankees","RF","209","","0.333219707012177","0.3"
"Bryan Shaw","8110","Rockies","P","","52.0","0.328039884567261","0.3"
"CC Sabathia","404","Yankees","P","","86.0","0.352630198001862","0.3"
"Mike Zunino","13265","Rays","C","205","","0.326564759016037","0.3"
"Carlos Martinez","11682","Cardinals","P","","25.2","0.326326340436935","0.3"
"Mike Freeman","11241","Indians","2B","102","","0.374683141708374","0.3"
"Joshua James","16794","Astros","P","","51.1","0.324864953756332","0.3"
"Matt Wieters","4298","Cardinals","C","119","","0.324650675058365","0.3"
"Nick Burdi","16074","Pirates","P","","8.2","0.324508279561996","0.3"
"Ji-Man Choi","5452","Rays","1B","305","","0.324267864227295","0.3"
"Michael Feliz","11903","Pirates","P","","29.2","0.322955340147018","0.3"
"Stephen Piscotty","13367","Athletics","RF","328","","0.322689145803452","0.3"
"Rogelio Armenteros","17679","Astros","P","","14.0","0.322644710540771","0.3"
"Zac Gallen","19291","Marlins","P","","22.1","0.350368738174438","0.3"
"Trevor May","6398","Twins","P","","37.1","0.317018389701843","0.3"
"Austin Brice","17237","Marlins","P","","38.1","0.312628984451294","0.3"
"Austin Voth","15047","Nationals","P","","20.2","0.35125258564949","0.3"
"Kevan Smith","12284","Angels","C","112","","0.310362040996552","0.3"
"Mitch Keller","17594","Pirates","P","","12.0","0.341933280229568","0.3"
"Richard Bleier","7803","Orioles","P","","29.2","0.303241312503815","0.3"
"Joe Biagini","13194","Blue Jays","P","","46.0","0.302056849002838","0.3"
"Nestor Cortes","17874","Yankees","P","","37.1","0.302049815654755","0.3"
"Matt Albers","4300","Brewers","P","","41.1","0.301146447658539","0.3"
"Adam Cimber","15288","Indians","P","","39.0","0.298970222473145","0.3"
"Dee Gordon","8203","Mariners","2B","284","","0.297857105731964","0.3"
"Brad Brach","6627","Cubs","P","","38.2","0.251954615116119","0.3"
"Brett Martin","17369","Rangers","P","","37.2","0.296797573566437","0.3"
"Francisco Liriano","3201","Pirates","P","","48.0","0.191197991371155","0.3"
"Chad Wallach","17161","Marlins","C","54","","0.294254511594772","0.3"
"Daniel Hudson","7146","Blue Jays","P","","44.0","0.293696820735931","0.3"
"Felix Pena","13403","Angels","P","","89.2","0.317117005586624","0.3"
"Ranger Suarez","17277","Phillies","P","","16.0","0.169694855809212","0.3"
"Brandon Crawford","5343","Giants","SS","360","","0.288356453180313","0.3"
"Jon Berti","12037","Marlins","3B/CF","68","","0.286419004201889","0.3"
"Cheslor Cuthbert","10473","Royals","1B/3B","173","","0.282990753650665","0.3"
"Robert Gsellman","13696","Mets","P","","54.1","0.236804366111755","0.3"
"Jon Duplantier","19546","Diamondbacks","P","","25.0","0.355956852436066","0.3"
"Matt Carpenter","8090","Cardinals","3B","343","","0.27439296245575","0.3"
"Robbie Erlin","10354","Padres","P","","36.2","0.29816547036171","0.3"
"Adam Jones","6368","Diamondbacks","RF","383","","0.272142469882965","0.3"
"Dallas Keuchel","9434","Braves","P","","43.2","0.246633738279343","0.3"
"Jace Fry","16159","White Sox","P","","34.2","0.269523650407791","0.3"
"Ryan McMahon","15112","Rockies","2B","306","","0.269153594970703","0.3"
"Billy Hamilton","10199","Royals","CF","281","","0.265854865312576","0.3"
"Robel Garcia","13167","Cubs","2B","43","","0.262659460306168","0.3"
"Wade LeBlanc","5221","Mariners","P","","76.2","0.168271690607071","0.3"
"Jose Alvarado","17780","Rays","P","","26.2","0.251594990491867","0.3"
"Evan Phillips","17734","Orioles","P","","17.1","0.247198313474655","0.2"
"Adam Engel","15082","White Sox","CF","76","","0.246251836419106","0.2"
"JaCoby Jones","14818","Tigers","CF","270","","0.245231702923775","0.2"
"Aaron Wilkerson","16904","Brewers","P","","10.1","0.0949366614222527","0.2"
"Harrison Musgrave","16532","Rockies","P","","10.0","0.243254601955414","0.2"
"Kurt Suzuki","8259","Nationals","C","197","","0.243014797568321","0.2"
"Jacob Waguespack","18318","Blue Jays","P","","19.0","0.242689043283463","0.2"
"Shed Long","16542","Mariners","2B","79","","0.242661997675896","0.2"
"Ian Desmond","6885","Rockies","CF","321","","0.241094976663589","0.2"
"Chance Sisco","15694","Orioles","C","102","","0.237166151404381","0.2"
"David Phelps","6316","Blue Jays","P","","15.2","0.236939564347267","0.2"
"Nick Ramirez","12575","Tigers","P","","48.0","0.247201576828957","0.2"
"Jaime Barria","18356","Angels","P","","33.0","0.234543740749359","0.2"
"Chad Bettis","10587","Rockies","P","","53.2","0.278732985258102","0.2"
"Tyler Beede","16981","Giants","P","","59.1","0.0536572150886059","0.2"
"Oliver Drake","8823","Rays","P","","24.1","0.232266515493393","0.2"
"Mychal Givens","10430","Orioles","P","","38.1","0.230899766087532","0.2"
"Tanner Anderson","18029","Athletics","P","","22.1","0.241645246744156","0.2"
"Michael Perez","12977","Rays","C","46","","0.228708922863007","0.2"
"Darwinzon Hernandez","19848","Red Sox","P","","8.1","0.226092606782913","0.2"
"Andrew Kittredge","12828","Rays","P","","17.2","0.221667483448982","0.2"
"Framber Valdez","17295","Astros","P","","50.0","0.216823518276215","0.2"
"Ronny Rodriguez","11875","Tigers","2B/SS","176","","0.215249687433243","0.2"
"Brandon Nimmo","12927","Mets","CF/LF","161","","0.214962601661682","0.2"
"Cavan Biggio","19252","Blue Jays","2B","194","","0.214397639036179","0.2"
"Alex Young","18333","Diamondbacks","P","","22.2","0.290537625551224","0.2"
"Miguel Castro","15684","Orioles","P","","48.0","0.211823150515556","0.2"
"Josh Phegley","9308","Athletics","C","255","","0.211734309792519","0.2"
"Joe Jimenez","15761","Tigers","P","","38.0","0.21125029027462","0.2"
"Evan Marshall","12297","White Sox","P","","26.0","0.210529789328575","0.2"
"Adam Kolarek","10843","Rays","P","","40.0","0.208935797214508","0.2"
"Rio Ruiz","14103","Orioles","3B","288","","0.208419606089592","0.2"
"Beau Taylor","12384","Athletics","C","24","","0.207583695650101","0.2"
"Adrian Houser","12718","Brewers","P","","52.0","0.324380844831467","0.2"
"Maikel Franco","12179","Phillies","3B","333","","0.205991983413696","0.2"
"Wade Davis","7441","Rockies","P","","29.1","0.205450922250748","0.2"
"Jose Alvarez","5358","Phillies","P","","40.0","0.204214975237846","0.2"
"Lucas Sims","13470","Reds","P","","9.2","0.242696404457092","0.2"
"Lewis Thorpe","15906","Twins","P","","7.2","0.203279331326485","0.2"
"Shawn Armstrong","12857","- - -","P","","34.0","0.202089801430702","0.2"
"Diego Castillo","17496","Rays","P","","38.2","0.212886527180672","0.2"
"Jeff Hoffman","17432","Rockies","P","","33.1","0.297216832637787","0.2"
"Derek Fisher","16192","Astros","RF/LF","60","","0.199194014072418","0.2"
"Chris Devenski","12763","Astros","P","","43.0","0.198870450258255","0.2"
"Matt Adams","9393","Nationals","1B","206","","0.196242868900299","0.2"
"Kevin Plawecki","13807","Indians","C","111","","0.180463954806328","0.2"
"Jonathan Holder","16588","Yankees","P","","36.2","0.191344037652016","0.2"
"Aaron Civale","19479","Indians","P","","6.0","0.189859911799431","0.2"
"Tyler O'Neill","15711","Cardinals","LF","116","","0.187767684459686","0.2"
"Wilson Ramos","1433","Mets","C","317","","0.187548667192459","0.2"
"Joe Kelly","9761","Dodgers","P","","34.0","0.224338158965111","0.2"
"Tim Mayza","15042","Blue Jays","P","","36.0","0.185905143618584","0.2"
"Lane Thomas","16939","Cardinals","CF","14","","0.185566440224648","0.2"
"Chris Herrmann","9284","Athletics","C","30","","0.185522079467773","0.2"
"Zach Plesac","19979","Indians","P","","54.0","0.18441179394722","0.2"
"Giancarlo Stanton","4949","Yankees","RF/LF","38","","0.184248894453049","0.2"
"Chaz Roe","9866","Rays","P","","29.2","0.183540493249893","0.2"
"Hector Neris","11804","Phillies","P","","42.2","0.18154901266098","0.2"
"Franchy Cordero","14567","Padres","RF/CF","20","","0.180658176541328","0.2"
"Albert Pujols","1177","Angels","1B/DH","327","","0.180340155959129","0.2"
"Hector Velazquez","19341","Red Sox","P","","46.0","0.190079033374786","0.2"
"Raisel Iglesias","17130","Reds","P","","43.0","0.187977075576782","0.2"
"Rougned Odor","12282","Rangers","2B","337","","0.170136258006096","0.2"
"Logan Allen","18555","Padres","P","","22.1","0.0980739444494247","0.2"
"Luis Cessa","13345","Yankees","P","","48.0","0.175793007016182","0.2"
"Seranthony Dominguez","19249","Phillies","P","","24.2","0.176122382283211","0.2"
"Tyler Olson","14741","Indians","P","","27.0","0.163297474384308","0.2"
"Jhoulys Chacin","2608","Brewers","P","","85.2","0.109254375100136","0.2"
"Felix Hernandez","4772","Mariners","P","","38.2","0.183848738670349","0.2"
"Walker Lockett","13804","Mets","P","","12.2","0.10238778591156","0.2"
"Bubba Starling","13356","Royals","RF/CF","31","","0.159907549619675","0.2"
"Jimmie Sherfy","15118","Diamondbacks","P","","9.2","0.181631281971931","0.2"
"Tommy Hunter","1157","Phillies","P","","5.1","0.154305323958397","0.2"
"Kyle Farmer","14813","Reds","2B","122","","0.153788477182388","0.2"
"Jake McGee","7550","Rockies","P","","24.1","0.153601482510567","0.2"
"Matt Wisler","12804","- - -","P","","33.0","0.1648123934865","0.2"
"Ryan Weber","10160","Red Sox","P","","24.0","0.148599818348885","0.1"
"Juan Nicasio","7731","Phillies","P","","38.1","0.173417821526527","0.1"
"Jacob Webb","19274","Braves","P","","32.1","0.159247308969498","0.1"
"Matt Magill","3950","- - -","P","","30.1","0.144110866589472","0.1"
"Yairo Munoz","16313","Cardinals","3B","119","","0.143533676862717","0.1"
"Pedro Avila","18864","Padres","P","","5.1","0.166472539305687","0.1"
"Tyler Austin","11850","- - -","1B/LF","143","","0.141323499381542","0.1"
"Matt Duffy","13836","Rays","3B","4","","0.141163319349289","0.1"
"Cory Gearrin","7947","Mariners","P","","34.1","0.139957994222641","0.1"
"Dakota Hudson","19206","Cardinals","P","","109.2","0.393225103616714","0.1"
"Vince Velasquez","11189","Phillies","P","","61.0","-0.172479838132858","0.1"
"Zack Godley","14862","Diamondbacks","P","","72.0","0.0475560091435909","0.1"
"Robinson Cano","3269","Mets","2B","299","","0.135335013270378","0.1"
"Juan Minaya","10341","White Sox","P","","27.2","0.135323837399483","0.1"
"Colin Poche","19403","Rays","P","","22.2","0.134407460689545","0.1"
"Jonathan Loaisiga","19753","Yankees","P","","14.0","0.132636696100235","0.1"
"Teoscar Hernandez","13066","Blue Jays","CF/LF","269","","0.132568866014481","0.1"
"Tyler Duffey","13758","Twins","P","","33.0","0.131585583090782","0.1"
"Neil Walker","7539","Marlins","1B","239","","0.130289688706398","0.1"
"Jurickson Profar","10815","Athletics","2B","344","","0.129838138818741","0.1"
"Sean Rodriguez","6589","Phillies","3B/SS","71","","0.11078405380249","0.1"
"Jose Cisnero","6399","Tigers","P","","11.0","0.128036543726921","0.1"
"Tommy Milone","7608","Mariners","P","","60.2","0.12406200170517","0.1"
"Chad Pinder","15191","Athletics","LF","234","","0.123548828065395","0.1"
"Ryan Buchter","9456","Athletics","P","","27.0","0.12309293448925","0.1"
"Cody Reed","15232","Reds","P","","6.1","0.13583317399025","0.1"
"Andres Munoz","20373","Padres","P","","4.1","0.122514262795448","0.1"
"Jon Jay","5227","White Sox","RF/LF","85","","0.122497141361237","0.1"
"Heath Hembree","11632","Red Sox","P","","34.0","0.119452886283398","0.1"
"Bryan Holaday","11287","Marlins","C","64","","0.11891233175993","0.1"
"Kelvin Herrera","6033","White Sox","P","","33.0","0.118006959557533","0.1"
"Brian Flynn","12027","Royals","P","","27.1","0.117812842130661","0.1"
"Jacob Nottingham","16448","Brewers","C/1B","5","","0.117519579827785","0.1"
"Richard Lovelady","19337","Royals","P","","12.2","0.116996139287949","0.1"
"Nathan Karns","12638","Orioles","P","","5.1","0.116272069513798","0.1"
"Pedro Payano","18313","Rangers","P","","6.0","0.112793758511543","0.1"
"Yoan Lopez","17181","Diamondbacks","P","","38.2","0.110802121460438","0.1"
"Ryan Brasier","5615","Red Sox","P","","40.1","0.110167592763901","0.1"
"Mike Morin","13442","- - -","P","","23.2","0.108749223873019","0.1"
"Dylan Moore","18042","Mariners","SS/LF","167","","0.132513895630836","0.1"
"Fernando Rodney","494","- - -","P","","22.0","0.107663981616497","0.1"
"Ryan Burr","17536","White Sox","P","","19.2","0.107244804501534","0.1"
"Tyler Alexander","17735","Tigers","P","","12.0","0.105134904384613","0.1"
"Brian Schlitter","3599","Athletics","P","","7.2","0.105106770992279","0.1"
"Kyle Seager","9785","Mariners","3B","200","","0.104485340416431","0.1"
"Josh Lucas","11686","Orioles","P","","15.2","0.104382999241352","0.1"
"A.J. Cole","11467","Indians","P","","21.1","0.10384339094162","0.1"
"Aramis Garcia","16925","Giants","C","17","","0.103317730128765","0.1"
"Brandon Brennan","13527","Mariners","P","","34.0","0.102505385875702","0.1"
"Zack Littell","15823","Twins","P","","18.1","0.102356180548668","0.1"
"Jeffrey Springs","17677","Rangers","P","","26.0","0.102227814495564","0.1"
"Blake Treinen","12572","Athletics","P","","40.1","0.100537180900574","0.1"
"Yency Almonte","15068","Rockies","P","","15.2","0.144738763570786","0.1"
"Tony Watson","3132","Giants","P","","41.0","0.0995288714766502","0.1"
"Josh VanMeter","15170","Reds","LF","66","","0.0990060642361641","0.1"
"Alec Mills","13834","Cubs","P","","10.1","0.145364120602608","0.1"
"Connor Sadzeck","13483","Mariners","P","","23.2","0.0936546251177788","0.1"
"Kyle Garlick","18063","Dodgers","RF/LF","40","","0.0900517702102661","0.1"
"Adrian Morejon","20039","Padres","P","","2.1","0.102224946022034","0.1"
"Dario Agrazal","15821","Pirates","P","","28.0","0.190369516611099","0.1"
"Rajai Davis","3708","Mets","RF/LF","7","","0.0888730213046074","0.1"
"Dylan Covey","14825","White Sox","P","","47.2","0.109379358589649","0.1"
"Willie Calhoun","17838","Rangers","LF","99","","0.0847643911838531","0.1"
"Cody Stashak","18088","Twins","P","","2.0","0.0842991769313812","0.1"
"Harold Castro","14691","Tigers","2B","154","","0.0839498862624168","0.1"
"Aaron Loup","10343","Padres","P","","3.1","0.0837978944182396","0.1"
"Cody Anderson","12799","Indians","P","","8.2","0.0829915404319763","0.1"
"Stefan Crichton","16058","Diamondbacks","P","","12.2","0.0827674046158791","0.1"
"Gerardo Reyes","16306","Padres","P","","15.2","0.0945266336202621","0.1"
"Devin Smeltzer","19487","Twins","P","","16.2","0.0787168592214584","0.1"
"Wilfredo Tovar","10416","Angels","SS","46","","0.0777922049164772","0.1"
"Sam Tuivailala","13485","Mariners","P","","2.0","0.0775367245078087","0.1"
"Thyago Vieira","14510","White Sox","P","","7.0","0.0773326084017754","0.1"
"Roenis Elias","12673","Mariners","P","","43.0","0.0755890384316444","0.1"
"Luke Gregerson","4090","Cardinals","P","","5.2","0.0732121169567108","0.1"
"Meibrys Viloria","17109","Royals","C","8","","0.0726907104253769","0.1"
"Matt Bowman","13528","Reds","P","","19.2","0.0711046978831291","0.1"
"Chris Mazza","14151","Mets","P","","8.2","0.0937787741422653","0.1"
"Kevin Cron","16211","Diamondbacks","1B/DH","64","","0.0693905726075172","0.1"
"John Ryan Murphy","10346","Diamondbacks","C","69","","0.258106917142868","0.1"
"Casey Sadler","11209","- - -","P","","24.0","0.0922902263700962","0.1"
"Daniel Stumpf","13780","Tigers","P","","26.1","0.066668801009655","0.1"
"Anthony Bemboom","13854","Rays","C","5","","0.0652943029999733","0.1"
"Edwin Rios","18316","Dodgers","1B/3B","19","","0.0648738518357277","0.1"
"Jorge Bonifacio","12174","Royals","RF","21","","0.0645253509283066","0.1"
"Domingo Leyba","16404","Diamondbacks","2B/SS","10","","0.0627173334360123","0.1"
"Tony Gonsolin","19388","Dodgers","P","","4.0","0.0141500988975167","0.1"
"Chasen Shreve","10855","Cardinals","P","","2.0","0.0165920332074165","0.1"
"Ben Zobrist","7435","Cubs","2B/RF","99","","0.0605125240981579","0.1"
"Adeiny Hechavarria","10459","Mets","2B/SS","122","","0.0603385046124458","0.1"
"Rowan Wick","14646","Cubs","P","","8.0","0.0602011531591415","0.1"
"Jose Peraza","13593","Reds","2B","274","","0.0598579980432987","0.1"
"Ryan Eades","14808","Twins","P","","3.2","0.0587603077292442","0.1"
"Ryan Helsley","18138","Cardinals","P","","12.1","-0.00228064856491983","0.1"
"Matt Andriese","12022","Diamondbacks","P","","45.2","0.096865251660347","0.1"
"Zach Green","14973","Giants","3B","5","","0.0571751184761524","0.1"
"Junior Guerra","5702","Brewers","P","","53.2","0.0803817734122276","0.1"
"Jorge Lopez","14527","Royals","P","","77.2","0.0540761761367321","0.1"
"Wei-Chung Wang","14382","Athletics","P","","22.0","0.0538744032382965","0.1"
"Dylan Cease","18525","White Sox","P","","16.0","0.0519539266824722","0.1"
"Locke St. John","16850","Rangers","P","","5.1","0.0519535653293133","0.1"
"Chris Stratton","13761","- - -","P","","55.0","0.10021261125803","0.1"
"Antonio Senzatela","15488","Rockies","P","","93.0","0.518900513648987","0.1"
"Skye Bolt","17723","Athletics","RF/CF","8","","0.0475030615925789","0.0"
"Melky Cabrera","4022","Pirates","RF/LF","266","","0.0469360910356045","0.0"
"Ryan Borucki","16350","Blue Jays","P","","4.2","0.0453760661184788","0.0"
"Vladimir Guerrero Jr.","19611","Blue Jays","3B","298","","0.0442704632878304","0.0"
"Humberto Arteaga","13595","Royals","SS","63","","0.0442487858235836","0.0"
"Brandon Dixon","15214","Tigers","1B","226","","0.103477731347084","0.0"
"Cy Sneed","16106","Astros","P","","11.0","0.0432300344109535","0.0"
"Greg Holland","7196","Diamondbacks","P","","33.0","0.043072372674942","0.0"
"JT Chargois","13767","Dodgers","P","","14.1","0.0551870465278625","0.0"
"Brian Johnson","14272","Red Sox","P","","14.0","0.0425100587308407","0.0"
"Sal Romano","13690","Reds","P","","3.0","0.0408517830073833","0.0"
"Guillermo Heredia","18721","Rays","RF/CF","156","","0.0407380573451519","0.0"
"Andrew Stevenson","17932","Nationals","LF","16","","0.0404347367584705","0.0"
"Josh D. Smith","13629","Indians","P","","5.0","0.0396098829805851","0.0"
"Clay Buchholz","3543","Blue Jays","P","","24.2","0.0391475930809975","0.0"
"Cole Irvin","19244","Phillies","P","","27.1","-0.0625498220324516","0.0"
"Eduardo Jimenez","19642","Tigers","P","","4.1","0.0362384133040905","0.0"
"Troy Tulowitzki","3531","Yankees","SS","13","","0.0355358421802521","0.0"
"Thomas Pannone","17281","Blue Jays","P","","43.2","0.034700445830822","0.0"
"Gerardo Parra","8553","- - -","RF/LF","193","","0.0341076254844666","0.0"
"Greg Allen","16623","Indians","RF/LF","100","","0.0339537523686886","0.0"
"Kevin Kramer","17689","Pirates","PH/PR","1","","0.0337317362427711","0.0"
"Wil Myers","10047","Padres","CF/LF","304","","0.032576460391283","0.0"
"Sandy Leon","5273","Red Sox","C","130","","0.0298579223453999","0.0"
"Joe Smith","3281","Astros","P","","3.1","0.0295935850590467","0.0"
"D.J. Johnson","12578","Rockies","P","","11.2","0.0272307582199574","0.0"
"Taylor Guerrieri","13616","Rangers","P","","3.1","0.0239822193980217","0.0"
"Breyvic Valera","12758","Yankees","2B","3","","0.0239352155476809","0.0"
"Mike Ford","15585","Yankees","1B/DH","40","","0.0237645972520113","0.0"
"Joe Harvey","16459","Yankees","P","","10.0","0.0234485287219286","0.0"
"Francisco Mejia","16403","Padres","C","134","","0.023028988391161","0.0"
"Luis Escobar","17345","Pirates","P","","3.2","0.0222169458866119","0.0"
"Kyle Freeland","16256","Rockies","P","","67.1","-0.0082946540787816","0.0"
"Richard Urena","16411","Blue Jays","2B/3B/SS","43","","0.0212717019021511","0.0"
"Jairo Diaz","12774","Rockies","P","","28.1","0.0198682434856892","0.0"
"Matt Ramsey","14460","Angels","P","","1.0","0.0196356941014528","0.0"
"Jaime Schultz","15066","Dodgers","P","","3.0","0.0196251086890697","0.0"
"Victor Reyes","15487","Tigers","CF","61","","0.0189275275915861","0.0"
"Grant Dayton","11203","Braves","P","","8.1","0.0161346085369587","0.0"
"Tanner Rainey","17610","Nationals","P","","23.0","0.0149010913446546","0.0"
"Victor Arano","15915","Phillies","P","","4.2","0.012890201061964","0.0"
"Aaron Brooks","12272","- - -","P","","59.1","0.0361956506967545","0.0"
"Travis Lakins","18600","Red Sox","P","","9.1","0.0104061728343368","0.0"
"Dillon Maples","14672","Cubs","P","","8.0","0.0103239342570305","0.0"
"Jake Cave","14477","Twins","RF","97","","0.0097410948947072","0.0"
"Brooks Pounders","10387","Mets","P","","7.1","0.00926823727786541","0.0"
"Michel Baez","20100","Padres","P","","1.0","0.0092038894072175","0.0"
"Dillon Peters","18790","Angels","P","","13.2","0.00886482838541269","0.0"
"Sandy Baez","17754","Tigers","P","","1.0","0.00877739302814007","0.0"
"Colten Brewer","12997","Red Sox","P","","42.2","0.00739334989339113","0.0"
"Kelvin Gutierrez","17468","Royals","3B","79","","0.00694950670003891","0.0"
"Jeanmar Gomez","9033","Rangers","P","","15.1","0.00682930136099458","0.0"
"Tim Federowicz","8609","Rangers","C","68","","0.0512794516980648","0.0"
"Adam Haseley","19878","Phillies","CF/LF","43","","0.00457949098199606","0.0"
"Sam Howard","16265","Rockies","P","","1.0","0.00405875593423843","0.0"
"James Norwood","16440","Cubs","P","","1.0","0.0037527559325099","0.0"
"Christian Arroyo","16434","Rays","3B","57","","0.00332328910008073","0.0"
"Tzu-Wei Lin","14678","Red Sox","2B","22","","0.00293537718243897","0.0"
"Wei-Chieh Huang","17508","Rangers","P","","5.2","0.00281243585050106","0.0"
"Taylor Williams","14899","Brewers","P","","10.2","0.0155054843053222","0.0"
"Ian Gibaut","17871","Rays","P","","2.0","0.0020965316798538","0.0"
"Nomar Mazara","14553","Rangers","RF","377","","0.00206027901731431","0.0"
"Chris Ellis","16125","Royals","P","","1.0","0.00135815260000527","0.0"
"Edmundo Sosa","17022","Cardinals","PH/PR","3","","0.000911566719878465","0.0"
"Donnie Hart","15306","Brewers","P","","6.2","0.0136750545352697","0.0"
"Trevor Kelley","18454","Red Sox","P","","1.0","0.000332284951582551","0.0"
"Andrew Vasquez","19482","Twins","P","","0.0","0","0.0"
"Gordon Beckham","9015","Tigers","2B/SS","172","","-0.000110306245915126","0.0"
"Rafael Montero","12760","Rangers","P","","2.0","-0.000862977700307965","0.0"
"A.J. Minter","18655","Braves","P","","25.2","-0.0013837544247508","0.0"
"Austin Allen","18083","Padres","C","49","","-0.00265279598534107","0.0"
"Brad Boxberger","10133","Royals","P","","26.2","-0.00324349966831505","0.0"
"Hector Santiago","4026","Mets","P","","8.0","-0.00521745067089796","0.0"
"Michael Blazek","9654","Nationals","P","","2.0","-0.00834634155035019","0.0"
"John Curtiss","16128","Angels","P","","2.1","-0.0088529922068119","0.0"
"Kristopher Negron","5306","Mariners","LF","12","","-0.0102843241766095","0.0"
"Fernando Salas","4971","Phillies","P","","2.2","-0.0109691442921758","0.0"
"Gabriel Ynoa","12938","Orioles","P","","62.2","-0.0119593068957329","0.0"
"Chance Adams","18135","Yankees","P","","12.0","-0.0121295973658562","0.0"
"Tomas Nido","13755","Mets","C","96","","-0.012233279645443","0.0"
"Josh Sborz","18323","Dodgers","P","","1.0","-0.0129173994064331","0.0"
"Kyle Higashioka","5517","Yankees","C","16","","-0.0146427415311337","0.0"
"Pedro Strop","4070","Cubs","P","","26.1","-0.0164282917976379","0.0"
"Sean Reid-Foley","17034","Blue Jays","P","","12.2","-0.0173027422279119","0.0"
"Kohl Stewart","15502","Twins","P","","19.1","-0.0174773577600718","0.0"
"Tim Collins","3164","Cubs","P","","8.2","-0.0175310671329498","0.0"
"Jake Petricka","10534","Brewers","P","","8.0","-0.0180204790085554","0.0"
"Stephen Tarpley","15859","Yankees","P","","13.2","-0.0191059280186892","0.0"
"Taylor Davis","12782","Cubs","C","17","","-0.0192297827452421","0.0"
"Sam Coonrod","17264","Giants","P","","5.0","-0.0206619668751955","0.0"
"Sean Poppen","19583","Twins","P","","4.0","-0.0212446823716164","0.0"
"Jared Walsh","18607","Angels","P/1B","35","","-0.0180067550390959","0.0"
"Paul Sewald","13892","Mets","P","","7.0","-0.00998175237327814","0.0"
"Justin Shafer","16132","Blue Jays","P","","16.0","-0.0222787819802761","0.0"
"Travis Bergen","18581","Giants","P","","17.0","-0.022304916754365","0.0"
"Zac Rosscup","9419","- - -","P","","18.0","-0.0227927390951663","0.0"
"Jordan Romano","16122","Blue Jays","P","","5.1","-0.0236470587551594","0.0"
"Dylan Cozens","15115","Phillies","PH/PR","1","","-0.0241280812770128","0.0"
"Rob Brantly","10655","Phillies","PH/PR","1","","-0.0241280812770128","0.0"
"Erick Fedde","17425","Nationals","P","","46.1","0.10534904897213","0.0"
"Tyler Webb","14974","Cardinals","P","","32.1","-0.0253207460045815","0.0"
"Ray Black","14244","Giants","P","","2.0","-0.02565030567348","0.0"
"Chi Chi Gonzalez","14663","Rockies","P","","14.0","0.0468241944909096","0.0"
"James Bourque","16668","Nationals","P","","0.2","-0.0273927338421345","0.0"
"Tyson Ross","7872","Tigers","P","","35.1","-0.0292378589510918","0.0"
"David Freitas","10619","Mariners","C","4","","-0.0294659864157438","0.0"
"Cam Gallagher","12981","Royals","C","121","","-0.0323261804878712","0.0"
"Michael Hermosillo","16285","Angels","CF","4","","-0.0333462804555893","0.0"
"David Carpenter","3959","Rangers","P","","0.2","-0.0340381972491741","0.0"
"Hector Rondon","2391","Astros","P","","37.2","-0.0347203984856606","0.0"
"Nick Pivetta","15454","Phillies","P","","74.2","0.13120324909687","0.0"
"Carlos Torres","7624","Tigers","P","","6.0","-0.03754872828722","0.0"
"Tucker Barnhart","10200","Reds","C","187","","-0.0376194007694721","0.0"
"Austin Romine","5491","Yankees","C","123","","-0.0386106558144093","0.0"
"Wilkin Castillo","5124","Marlins","C","7","","-0.0411251336336136","0.0"
"Huascar Ynoa","20468","Braves","P","","3.0","-0.0413389466702938","0.0"
"Xavier Cedeno","36","Cubs","P","","2.0","-0.041991338133812","0.0"
"Jeff Brigham","16631","Marlins","P","","12.2","-0.0307193100452423","0.0"
"Noel Cuevas","11894","Rockies","LF","2","","-0.0440237745642662","0.0"
"Phillip Diehl","20030","Rockies","P","","2.0","-0.0477303303778172","0.0"
"Mauricio Dubon","16530","Brewers","SS","2","","-0.048240527510643","0.0"
"Mitch Walding","13006","Phillies","PH/PR","2","","-0.0482561625540257","0.0"
"Max Stassi","10059","Astros","C","93","","-0.0519644804298878","0.0"
"Caleb Joseph","7087","Diamondbacks","C","31","","-0.0582865066826344","0.0"
"Mike Dunn","9948","Rockies","P","","17.2","-0.0496736317873001","0.0"
"Chris Flexen","13896","Mets","P","","13.0","-0.0996665433049202","-0.1"
"Sam Gaviglio","12778","Blue Jays","P","","66.1","-0.0511625707149506","-0.1"
"Nick Ciuffo","16291","Rays","C","6","","-0.0531850159168243","-0.1"
"A.J. Reed","16246","White Sox","1B/DH","27","","-0.0546567924320698","-0.1"
"Anthony Bass","7982","Mariners","P","","24.1","-0.0549871735274792","-0.1"
"Brock Stewart","16727","Dodgers","P","","4.0","-0.120313547551632","-0.1"
"Garrett Stubbs","18067","Astros","C","26","","-0.056652594357729","-0.1"
"Dan Altavilla","16507","Mariners","P","","5.2","-0.0566680394113064","-0.1"
"Luis Avilan","2882","Mets","P","","14.1","-0.0576624162495136","-0.1"
"Jacob Barnes","12323","Brewers","P","","19.2","-0.0580271556973457","-0.1"
"LaMonte Wade","18126","Twins","RF/LF","4","","-0.0582076050341129","-0.1"
"Ryan O'Rourke","10976","Mets","P","","1.1","-0.0594745576381683","-0.1"
"Tyler Thornburg","10688","Red Sox","P","","18.2","-0.059975940734148","-0.1"
"Ichiro Suzuki","1101","Mariners","RF","6","","-0.0606185235083103","-0.1"
"JB Shuck","6677","Pirates","RF/LF","57","","-0.052696630358696","-0.1"
"Jeremy Hellickson","4371","Nationals","P","","39.0","-0.113728120923042","-0.1"
"Jim Adduci","6448","Cubs","RF","5","","-0.0620479807257652","-0.1"
"Nick Martini","12005","Athletics","P/LF","2","","-0.0484867841005325","-0.1"
"T.J. McFarland","3237","Diamondbacks","P","","36.0","0.00223577278666198","-0.1"
"Ryan Feierabend","6336","Blue Jays","P","","5.2","-0.0632504224777222","-0.1"
"Austin Pruitt","15290","Rays","P","","20.2","-0.0647449940443039","-0.1"
"Greg Bird","14131","Yankees","1B","41","","-0.0648530423641205","-0.1"
"Anthony Alford","14329","Blue Jays","CF","3","","-0.0652598440647125","-0.1"
"Ben Lively","14932","Royals","P","","1.0","-0.0653448104858398","-0.1"
"Jimmy Cordero","15690","- - -","P","","2.2","-0.0653909742832184","-0.1"
"Drew Jackson","17807","Orioles","CF/LF","4","","-0.0670215487480164","-0.1"
"Deolis Guerra","8410","Brewers","P","","0.2","-0.0694993808865547","-0.1"
"Miguel Diaz","18815","Padres","P","","6.1","-0.0570707842707634","-0.1"
"J. D. Hammer","19548","Phillies","P","","19.0","-0.0576940327882767","-0.1"
"Kyle Zimmer","14169","Royals","P","","2.0","-0.071001224219799","-0.1"
"Carl Edwards Jr.","13607","Cubs","P","","15.1","-0.0710741207003593","-0.1"
"Arodys Vizcaino","5498","Braves","P","","4.0","-0.0720467641949654","-0.1"
"Josh Tomlin","9388","Braves","P","","52.2","-0.0332252979278564","-0.1"
"Bryse Wilson","19990","Braves","P","","18.2","-0.116236224770546","-0.1"
"Dennis Santana","17878","Dodgers","P","","5.0","-0.123796433210373","-0.1"
"Chase De Jong","15036","Twins","P","","1.0","-0.0763575732707977","-0.1"
"Kevin McCarthy","15240","Royals","P","","27.2","-0.0764763951301575","-0.1"
"Yu-Cheng Chang","14773","Indians","3B/SS","4","","-0.0778166502714157","-0.1"
"Pedro Araujo","17697","Orioles","P","","0.2","-0.0785301178693771","-0.1"
"Tanner Scott","17586","Orioles","P","","14.1","-0.0802396088838577","-0.1"
"Randy Rosario","14508","Cubs","P","","10.2","-0.0710101425647736","-0.1"
"Matt Carasiti","13276","Mariners","P","","8.2","-0.0728727728128433","-0.1"
"Drew Anderson","15130","Phillies","P","","6.0","-0.0720256343483925","-0.1"
"Jared Hughes","9325","Reds","P","","40.0","-0.0847940221428871","-0.1"
"Drew Robinson","11761","Cardinals","RF/CF","7","","-0.0849266722798347","-0.1"
"Jerry Blevins","7841","Braves","P","","18.2","-0.086177296936512","-0.1"
"Jason Martin","16429","Pirates","LF","39","","-0.0873560607433319","-0.1"
"Phillips Valdez","15605","Rangers","P","","10.0","-0.0879607945680618","-0.1"
"Genesis Cabrera","17490","Cardinals","P","","11.2","-0.0537991188466549","-0.1"
"Fernando Romero","15885","Twins","P","","8.0","-0.0920061022043228","-0.1"
"Gregory Polanco","12907","Pirates","RF","167","","-0.0922226756811142","-0.1"
"Tony Barnette","3555","Cubs","P","","1.1","-0.0926401317119598","-0.1"
"Jake Barrett","13322","Yankees","P","","3.2","-0.0928284525871277","-0.1"
"Sam Freeman","6832","Angels","P","","2.0","-0.0940696746110916","-0.1"
"Montana DuRapau","16768","Pirates","P","","10.2","-0.0815316587686539","-0.1"
"Carson Fulmer","18311","White Sox","P","","15.2","-0.0944255292415619","-0.1"
"Albert Almora Jr.","14109","Cubs","CF","302","","-0.0947021320462227","-0.1"
"Paul Blackburn","14739","Athletics","P","","3.0","-0.0947366952896118","-0.1"
"Wandy Peralta","14295","Reds","P","","27.1","-0.0959050506353378","-0.1"
"David McKay","19814","Mariners","P","","7.0","-0.0966746956110001","-0.1"
"Lewis Brinson","14352","Marlins","CF","82","","-0.0971444025635719","-0.1"
"Taylor Hearn","18325","Rangers","P","","0.1","-0.0982663556933403","-0.1"
"Justin Wilson","4301","Mets","P","","15.2","-0.0983761250972748","-0.1"
"David Robertson","8241","Phillies","P","","6.2","-0.100521802902222","-0.1"
"Luke Bard","14288","Angels","P","","29.0","-0.101102329790592","-0.1"
"Gregory Soto","19677","Tigers","P","","29.0","-0.224627211689949","-0.1"
"Pat Venditte","7108","Giants","P","","3.1","-0.104183249175549","-0.1"
"Clay Holmes","13649","Pirates","P","","31.2","-0.0665885359048843","-0.1"
"Stephen Nogosek","19545","Mets","P","","5.2","-0.104377217590809","-0.1"
"Joey Wendle","13853","Rays","2B/3B","142","","-0.108188137412071","-0.1"
"Seby Zavala","18887","White Sox","C","9","","-0.108772754669189","-0.1"
"Ryan Garton","14016","Mariners","P","","3.0","-0.109852939844131","-0.1"
"Tyler Chatwood","4338","Cubs","P","","46.0","-0.254091769456863","-0.1"
"Randal Grichuk","10243","Blue Jays","RF/CF","399","","-0.114098146557808","-0.1"
"Allen Webster","3993","Cubs","P","","11.0","-0.114635422825813","-0.1"
"Keone Kela","14696","Pirates","P","","11.2","-0.114709056913853","-0.1"
"Tim Hill","16814","Royals","P","","13.1","-0.114958263933659","-0.1"
"Hunter Strickland","7836","Mariners","P","","2.1","-0.115019269287586","-0.1"
"Elieser Hernandez","16933","Marlins","P","","34.1","-0.0514098703861237","-0.1"
"Justus Sheffield","17285","Mariners","P","","3.0","-0.116000354290009","-0.1"
"Eric Haase","14111","Indians","C/DH","7","","-0.116458997130394","-0.1"
"Edinson Volquez","3990","Rangers","P","","7.2","-0.116782784461975","-0.1"
"Tyler Lyons","11334","Pirates","P","","4.0","-0.104398645460606","-0.1"
"Chris Rusin","9895","Rockies","P","","1.0","-0.117042846977711","-0.1"
"Carlos Gomez","4881","Mets","CF/LF","99","","-0.117188014090061","-0.1"
"Mike Mayers","15451","Cardinals","P","","8.1","-0.118470564484596","-0.1"
"Michael Reed","13228","Giants","RF/LF","8","","-0.118544831871986","-0.1"
"Jimmy Herget","17556","Reds","P","","3.2","-0.118972443044186","-0.1"
"Andrew Moore","17553","Mariners","P","","4.2","-0.11904402077198","-0.1"
"Tyler Kinley","18297","Marlins","P","","24.2","-0.11969181150198","-0.1"
"Daniel Zamora","17811","Mets","P","","6.1","-0.119907855987549","-0.1"
"Yan Gomes","9627","Nationals","C","216","","-0.12260278314352","-0.1"
"Dan Jennings","8073","Nationals","P","","4.2","-0.123605228960514","-0.1"
"Dereck Rodriguez","14509","Giants","P","","61.1","-0.178540199995041","-0.1"
"Odrisamer Despaigne","16017","White Sox","P","","13.1","-0.124752305448055","-0.1"
"Josh A. Smith","10946","Red Sox","P","","18.1","-0.125887855887413","-0.1"
"Wilmer Flores","5827","Diamondbacks","1B/2B","145","","-0.126136302947998","-0.1"
"Joseph Palumbo","17035","Rangers","P","","9.0","-0.126298815011978","-0.1"
"Dinelson Lamet","17186","Padres","P","","14.0","-0.0767845064401627","-0.1"
"Juan Graterol","5398","Reds","C","15","","-0.127915591001511","-0.1"
"Jimmy Nelson","10547","Brewers","P","","14.0","-0.0892894193530083","-0.1"
"Chad Sobotka","17470","Braves","P","","24.0","-0.115365639328957","-0.1"
"Chris Archer","6345","Pirates","P","","96.2","-0.0543470866978168","-0.1"
"Caleb Frare","14353","White Sox","P","","2.2","-0.130982905626297","-0.1"
"Conner Menez","19199","Giants","P","","5.0","-0.106329068541527","-0.1"
"Ryan Zimmerman","4220","Nationals","1B","132","","-0.132449820637703","-0.1"
"Yefry Ramirez","15655","Orioles","P","","10.1","-0.132474482059479","-0.1"
"Jake Noll","19703","Nationals","1B/3B","13","","-0.132835522294044","-0.1"
"Robert Stock","6576","Padres","P","","10.2","-0.133991032838821","-0.1"
"Jose Suarez","19911","Angels","P","","32.2","-0.134303882718086","-0.1"
"Jay Jackson","7432","Brewers","P","","10.1","-0.121827535331249","-0.1"
"Erasmo Ramirez","10314","Red Sox","P","","3.0","-0.135346919298172","-0.1"
"Bobby Poyner","17987","Red Sox","P","","4.0","-0.13646636903286","-0.1"
"Nate Jones","4696","White Sox","P","","10.1","-0.137089937925339","-0.1"
"Luis Guillorme","16451","Mets","2B/SS","23","","-0.137477040290833","-0.1"
"Ender Inciarte","4922","Braves","CF","148","","-0.141404867172241","-0.1"
"Jake Faria","13699","Rays","P","","8.0","-0.141424298286438","-0.1"
"Justin Bour","9744","Angels","1B","160","","-0.14273701608181","-0.1"
"Hernan Perez","5751","Brewers","2B","160","","-0.136119857430458","-0.1"
"Jose Pirela","5485","Padres","LF","5","","-0.146966725587845","-0.1"
"Mike Wright Jr.","12586","- - -","P","","29.1","-0.148274853825569","-0.1"
"Erik Gonzalez","13369","Pirates","SS","59","","-0.148506477475166","-0.1"
"Jose Ruiz","14552","White Sox","P","","26.1","-0.152649477124214","-0.2"
"Jimmy Yacabonis","15157","Orioles","P","","33.2","-0.152884662151337","-0.2"
"Ty France","17982","Padres","3B","107","","-0.159068658947945","-0.2"
"Jose Fernandez","14733","Tigers","P","","3.2","-0.153739348053932","-0.2"
"Austen Williams","16309","Nationals","P","","0.1","-0.15381246805191","-0.2"
"Adalberto Mejia","13188","- - -","P","","16.1","-0.154516253620386","-0.2"
"Tim Peterson","13946","Mets","P","","7.1","-0.155567541718483","-0.2"
"Craig Kimbrel","6655","Cubs","P","","9.2","-0.156690537929535","-0.2"
"Marco Estrada","1118","Athletics","P","","23.2","-0.157816186547279","-0.2"
"Dominic Leone","13763","Cardinals","P","","29.0","-0.157940655946732","-0.2"
"Jacob Rhame","15267","Mets","P","","5.0","-0.158191800117493","-0.2"
"Daniel Murphy","4316","Rockies","1B","285","","-0.158252388238907","-0.2"
"Kyle McGowin","15071","Nationals","P","","13.0","-0.193679928779602","-0.2"
"Joey Rickard","13277","Orioles","RF/CF","135","","-0.161667332053185","-0.2"
"Dovydas Neverauskas","11604","Pirates","P","","9.1","-0.161915734410286","-0.2"
"Scott Alexander","10591","Dodgers","P","","17.1","-0.163169398903847","-0.2"
"Rangel Ravelo","10839","Cardinals","1B","14","","-0.163286730647087","-0.2"
"Austin Wynns","15271","Orioles","C","47","","-0.163757309317589","-0.2"
"Mark Zagunis","16565","Cubs","RF/LF","39","","-0.164280951023102","-0.2"
"Charlie Tilson","12983","White Sox","RF/LF","157","","-0.165960714221001","-0.2"
"Jesus Aguilar","11342","Brewers","1B","254","","-0.169004827737808","-0.2"
"Corey Oswalt","13677","Mets","P","","6.2","-0.132848620414734","-0.2"
"Tom Eshelman","18361","Orioles","P","","14.1","-0.171255856752396","-0.2"
"Connor Joe","16572","Giants","LF","16","","-0.171855822205544","-0.2"
"Yacksel Rios","15007","Phillies","P","","2.2","-0.173494383692741","-0.2"
"Adam Plutko","15846","Indians","P","","48.2","-0.175092309713364","-0.2"
"Tyler Bashlor","15203","Mets","P","","14.1","-0.176988393068314","-0.2"
"Austin Adams","7411","- - -","P","","16.2","-0.177195072174072","-0.2"
"Sean Gilmartin","12781","Orioles","P","","2.1","-0.177305564284325","-0.2"
"Tyler Wade","15730","Yankees","2B/LF","59","","-0.179357722401619","-0.2"
"Blake Parker","5224","Twins","P","","36.1","-0.17980669438839","-0.2"
"Ty Blach","14361","Giants","P","","6.1","-0.167363345623016","-0.2"
"Joe Ross","12972","Nationals","P","","20.0","-0.227279290556908","-0.2"
"Ryon Healy","15447","Mariners","3B","187","","-0.18100343644619","-0.2"
"Jesus Sucre","5942","Orioles","C","67","","-0.192207723855972","-0.2"
"Glenn Sparkman","15200","Royals","P","","79.0","-0.159160673618317","-0.2"
"Shelby Miller","10197","Rangers","P","","44.0","-0.25995197892189","-0.2"
"Joe Panik","11936","Giants","2B","368","","-0.185048595070839","-0.2"
"Nick Margevicius","20395","Padres","P","","53.1","-0.220893770456314","-0.2"
"Jarrett Parker","11624","Angels","LF","15","","-0.185582518577576","-0.2"
"Ruben Alaniz","10819","Mariners","P","","4.0","-0.186007440090179","-0.2"
"Jack Mayfield","15402","Astros","2B/SS","43","","-0.1866305321455","-0.2"
"Dan Otero","7385","Indians","P","","23.2","-0.186819970607758","-0.2"
"Williams Jerez","14338","Giants","P","","3.0","-0.187723323702812","-0.2"
"Andrew Miller","6785","Cardinals","P","","33.2","-0.189030602574348","-0.2"
"Michael Shawaryn","19495","Red Sox","P","","12.2","-0.189835801720619","-0.2"
"Taylor Clarke","17611","Diamondbacks","P","","45.2","-0.42204150557518","-0.2"
"Ryan Cordell","15181","White Sox","RF","189","","-0.190586403012276","-0.2"
"Drew VerHagen","13424","Tigers","P","","6.0","-0.192171365022659","-0.2"
"Jake Jewell","16958","Angels","P","","12.0","-0.193793028593063","-0.2"
"Luis Ortiz","16942","Orioles","P","","3.1","-0.194733873009682","-0.2"
"Yadier Molina","7007","Cardinals","C","276","","-0.197568848729134","-0.2"
"Dustin Peterson","15189","Tigers","LF","47","","-0.19809202849865","-0.2"
"Francisco Cervelli","5275","Pirates","C","123","","-0.199874550104141","-0.2"
"Cole Tucker","17326","Pirates","SS","120","","-0.200282365083694","-0.2"
"Matt Grace","11449","Nationals","P","","36.0","-0.2003223747015","-0.2"
"Alex Claudio","12890","Brewers","P","","41.2","-0.201794445514679","-0.2"
"Clayton Richard","3551","Blue Jays","P","","45.1","-0.202947914600372","-0.2"
"Tayler Scott","13652","- - -","P","","9.2","-0.20363461971283","-0.2"
"Branden Kline","14101","Orioles","P","","27.2","-0.205572992563248","-0.2"
"Sam Travis","16263","Red Sox","1B/LF","45","","-0.207350671291351","-0.2"
"Neil Ramirez","7677","Indians","P","","16.2","-0.207470268011093","-0.2"
"Anthony Swarzak","7466","- - -","P","","35.0","-0.20811927318573","-0.2"
"Max Moroff","14556","Indians","2B/SS","35","","-0.209168300032616","-0.2"
"Enyel De Los Santos","18403","Phillies","P","","11.0","-0.197716102004051","-0.2"
"Burch Smith","12784","Brewers","P","","12.2","-0.198448985815048","-0.2"
"Hanley Ramirez","8001","Indians","DH","57","","-0.211494520306587","-0.2"
"Ross Detwiler","2859","White Sox","P","","17.2","-0.212358519434929","-0.2"
"Phil Maton","18064","Padres","P","","24.1","-0.235493540763855","-0.2"
"Geoff Hartlieb","19558","Pirates","P","","20.0","-0.21429081261158","-0.2"
"Orlando Arcia","13185","Brewers","SS","357","","-0.214315369725227","-0.2"
"Andrew Knapp","14942","Phillies","C","94","","-0.217783197760582","-0.2"
"Matt Wotherspoon","16452","Orioles","P","","4.2","-0.2186249345541","-0.2"
"Jake Newberry","15136","Royals","P","","21.2","-0.218850418925285","-0.2"
"Drew Butera","3411","Rockies","C","19","","-0.220400005578995","-0.2"
"Josh Osich","11528","White Sox","P","","36.1","-0.22105211019516","-0.2"
"Rocky Gale","10533","Dodgers","C","15","","-0.224690854549408","-0.2"
"Jon Edwards","1483","Indians","P","","8.0","-0.224964022636414","-0.2"
"Andrew Velazquez","14196","Rays","2B/3B","12","","-0.227974131703377","-0.2"
"Jordy Mercer","6547","Tigers","SS","115","","-0.228160515427589","-0.2"
"Rookie Davis","14962","Pirates","P","","10.2","-0.215825334191322","-0.2"
"Derek Law","13133","Blue Jays","P","","33.1","-0.228531569242477","-0.2"
"Matt Thaiss","19318","Angels","1B/3B","27","","-0.228908568620682","-0.2"
"Peter Fairbanks","17998","Rangers","P","","8.2","-0.229912042617798","-0.2"
"Parker Markel","12106","Mariners","P","","4.2","-0.230476438999176","-0.2"
"Mike Gerber","16115","Giants","LF","16","","-0.231353044509888","-0.2"
"Edubray Ramos","16086","Phillies","P","","14.0","-0.237244755029678","-0.2"
"Gerson Bautista","19256","Mariners","P","","7.0","-0.237406149506569","-0.2"
"Corbin Burnes","19361","Brewers","P","","46.0","-0.301988214254379","-0.2"
"Phil Gosselin","10953","Phillies","SS/LF","50","","-0.241810336709023","-0.2"
"Matthew Festa","19330","Mariners","P","","22.1","-0.243006154894829","-0.2"
"Adrian Sanchez","11338","Nationals","3B","20","","-0.243463858962059","-0.2"
"Brady Rodgers","13393","Astros","P","","5.0","-0.243661463260651","-0.2"
"Reed Garrett","16866","Tigers","P","","15.1","-0.248479321599007","-0.2"
"Ildemaro Vargas","13324","Diamondbacks","2B","179","","-0.254595726728439","-0.3"
"Nick Rumbelow","14867","Mariners","P","","1.1","-0.255214750766754","-0.3"
"Steven Wright","8185","Red Sox","P","","6.1","-0.255831748247147","-0.3"
"Alex Wilson","9239","Brewers","P","","11.1","-0.257955700159073","-0.3"
"Nathan Eovaldi","9132","Red Sox","P","","21.2","-0.258820086717606","-0.3"
"Wilmer Font","5257","- - -","P","","47.0","-0.311914812773466","-0.3"
"Alex Jackson","17276","Braves","C","11","","-0.263235598802567","-0.3"
"Cionel Perez","19614","Astros","P","","8.0","-0.264078289270401","-0.3"
"Tayron Guerrero","11691","Marlins","P","","34.0","-0.264789521694183","-0.3"
"Jedd Gyorko","10816","Cardinals","3B","62","","-0.279405474662781","-0.3"
"Tyler Saladino","10807","Brewers","SS/LF","62","","-0.267833471298218","-0.3"
"Ryan Dull","13974","Athletics","P","","9.0","-0.26928174495697","-0.3"
"Luis Urias","16622","Padres","2B","41","","-0.270912051200867","-0.3"
"Trevor Rosenthal","10745","- - -","P","","10.1","-0.271298363804817","-0.3"
"Rowdy Tellez","15679","Blue Jays","1B/DH","286","","-0.271568059921265","-0.3"
"Pat Neshek","4682","Phillies","P","","18.0","-0.272774398326874","-0.3"
"Blaine Hardy","6499","Tigers","P","","39.2","-0.273412883281708","-0.3"
"Zack Collins","19181","White Sox","C/DH","31","","-0.273576140403748","-0.3"
"Kyle Dowdy","19285","Rangers","P","","22.1","-0.275118917226791","-0.3"
"Taylor Ward","17548","Angels","3B","11","","-0.275483578443527","-0.3"
"Jake Bauers","15194","Indians","LF/DH","351","","-0.278125584125519","-0.3"
"Luke Maile","13355","Blue Jays","C","120","","-0.321027994155884","-0.3"
"Nick Kingham","11694","- - -","P","","52.2","-0.302109375596046","-0.3"
"Adbert Alzolay","17859","Cubs","P","","11.1","-0.225568443536758","-0.3"
"Michael Wacha","14078","Cardinals","P","","81.0","-0.407510429620743","-0.3"
"Andrew Knizner","19514","Cardinals","C","23","","-0.291959047317505","-0.3"
"Alex Reyes","15015","Cardinals","P","","3.0","-0.297891110181808","-0.3"
"Christin Stewart","17714","Tigers","LF","309","","-0.29793992638588","-0.3"
"Yadiel Rivera","11863","Marlins","3B/SS","59","","-0.300860673189163","-0.3"
"Heath Fillmyer","17466","Royals","P","","15.0","-0.302499979734421","-0.3"
"Michael A. Taylor","11489","Nationals","CF","85","","-0.302738636732101","-0.3"
"Johan Camargo","14950","Braves","3B","167","","-0.305065125226974","-0.3"
"Yangervis Solarte","5352","Giants","2B/LF","78","","-0.305280655622482","-0.3"
"Jonathan Lucroy","7870","Angels","C","264","","-0.305923253297806","-0.3"
"Elvis Luciano","20632","Blue Jays","P","","27.2","-0.296266078948975","-0.3"
"Patrick Wisdom","13602","Rangers","1B/3B","28","","-0.310647010803223","-0.3"
"Dan Winkler","12237","Braves","P","","21.2","-0.299421906471252","-0.3"
"Wes Parsons","14764","Braves","P","","15.1","-0.2999666929245","-0.3"
"Pablo Reyes","16357","Pirates","RF","42","","-0.313393175601959","-0.3"
"Steven Duggar","17719","Giants","RF/CF","267","","-0.315026998519897","-0.3"
"Seunghwan Oh","18719","Rockies","P","","18.1","-0.315858244895935","-0.3"
"Austin Davis","17117","Phillies","P","","12.0","-0.316120386123657","-0.3"
"Touki Toussaint","16929","Braves","P","","41.2","-0.186459854245186","-0.3"
"Willians Astudillo","15608","Twins","C","142","","-0.31849130988121","-0.3"
"Odubel Herrera","11476","Phillies","CF","139","","-0.32179668545723","-0.3"
"Reymin Guduan","13058","Astros","P","","5.1","-0.323130935430527","-0.3"
"Chris Iannetta","8267","Rockies","C","142","","-0.323648184537888","-0.3"
"Brandon Drury","11615","Blue Jays","3B","283","","-0.32548576593399","-0.3"
"Matt Harvey","11713","Angels","P","","59.2","-0.326207846403122","-0.3"
"Victor Alcantara","15028","Tigers","P","","39.0","-0.326858282089233","-0.3"
"Nick Vincent","7555","Giants","P","","30.2","-0.290807515382767","-0.3"
"Nick Hundley","3376","Athletics","C","73","","-0.331009566783905","-0.3"
"Erik Kratz","4403","- - -","C","53","","-0.334897056221962","-0.3"
"Tyler Anderson","12880","Rockies","P","","20.2","-0.304389864206314","-0.3"
"Kyle Crick","13182","Pirates","P","","36.0","-0.340661883354187","-0.3"
"Jung Ho Kang","17182","Pirates","3B","170","","-0.342243254184723","-0.3"
"Justin Miller","8580","Nationals","P","","15.2","-0.343251913785934","-0.3"
"Franklin Barreto","15519","Athletics","2B","42","","-0.351233601570129","-0.4"
"Andrew Suarez","18300","Giants","P","","11.2","-0.314488530158997","-0.4"
"Nick Tropeano","12385","Angels","P","","8.2","-0.352015227079391","-0.4"
"Frank Schwindel","15351","Royals","1B","15","","-0.354206144809723","-0.4"
"Nicky Lopez","19339","Royals","2B","242","","-0.355255365371704","-0.4"
"Adam Conley","14457","Marlins","P","","40.1","-0.360270291566849","-0.4"
"Daniel Robertson","14145","Rays","2B/3B","206","","-0.368681579828262","-0.4"
"Ryan Tepera","10291","Blue Jays","P","","11.0","-0.364305973052979","-0.4"
"Bobby Bradley","17278","Indians","1B/DH","49","","-0.367427170276642","-0.4"
"Jonathan Davis","15104","Blue Jays","CF","52","","-0.367731839418411","-0.4"
"Brad Wieck","16390","Padres","P","","24.2","-0.343100666999817","-0.4"
"Erik Swanson","16587","Mariners","P","","35.1","-0.34745854139328","-0.4"
"Jonny Venters","7175","- - -","P","","8.0","-0.370897058397532","-0.4"
"Chasen Bradford","12452","Mariners","P","","16.2","-0.37500923871994","-0.4"
"Braden Bishop","17806","Mariners","CF","24","","-0.376406341791153","-0.4"
"Kyle Wright","19665","Braves","P","","16.2","-0.303562760353088","-0.4"
"Richard Rodriguez","13549","Pirates","P","","44.2","-0.383260369300842","-0.4"
"Wei-Yin Chen","13071","Marlins","P","","38.0","-0.360864788293839","-0.4"
"Miguel Cabrera","1744","Tigers","1B/DH","356","","-0.38554435968399","-0.4"
"Drew Gagnon","12545","Mets","P","","20.0","-0.436757892370224","-0.4"
"Dustin Pedroia","8370","Red Sox","2B/DH","21","","-0.388209402561188","-0.4"
"Scooter Gennett","10339","Reds","2B","50","","-0.388679265975952","-0.4"
"Josh Fuentes","16885","Rockies","1B/3B","18","","-0.389217585325241","-0.4"
"Billy McKinney","15654","Blue Jays","RF/LF","184","","-0.397426009178162","-0.4"
"Craig Stammen","7274","Padres","P","","51.1","-0.398107469081879","-0.4"
"Zach Duke","3840","Reds","P","","23.1","-0.400152653455734","-0.4"
"Blake Swihart","13176","- - -","C/RF/LF","97","","-0.411389146000147","-0.4"
"Drew Pomeranz","11426","Giants","P","","74.1","-0.189397290349007","-0.4"
"Pat Valaika","14885","Rockies","2B/SS","53","","-0.413675636053085","-0.4"
"Isaac Galloway","5238","Marlins","CF","54","","-0.413977980613709","-0.4"
"Ervin Santana","3200","White Sox","P","","13.1","-0.416451960802078","-0.4"
"Peter O'Brien","13288","Marlins","RF/LF","47","","-0.417169481515884","-0.4"
"Ryan Carpenter","12699","Tigers","P","","40.2","-0.39291849732399","-0.4"
"Josh Naylor","18839","Padres","RF/LF","115","","-0.420411497354507","-0.4"
"Jesse Biddle","11437","- - -","P","","28.0","-0.421871826052666","-0.4"
"Jesus Tinoco","16300","Rockies","P","","13.0","-0.392663657665253","-0.4"
"Shane Carle","15258","Braves","P","","9.1","-0.410170048475266","-0.4"
"Steve Wilkerson","16041","Orioles","CF/LF","212","","-0.396141529083252","-0.4"
"Caleb Ferguson","19349","Dodgers","P","","24.0","-0.43030634522438","-0.4"
"Yonathan Daza","15794","Rockies","CF/LF","19","","-0.431785404682159","-0.4"
"Yimi Garcia","12095","Dodgers","P","","39.2","-0.426396548748016","-0.4"
"Kyle Barraclough","13713","Nationals","P","","25.1","-0.439256310462952","-0.4"
"D.J. Stewart","17766","Orioles","RF","25","","-0.440013945102692","-0.4"
"Dwight Smith Jr.","13473","Orioles","LF","322","","-0.444272071123123","-0.4"
"Luis Garcia","6984","Angels","P","","37.0","-0.444752186536789","-0.4"
"Alex McRae","16317","Pirates","P","","12.1","-0.492485493421555","-0.4"
"Wily Peralta","7738","Royals","P","","40.1","-0.448941588401794","-0.4"
"David Hess","16130","Orioles","P","","68.0","-0.425347715616226","-0.4"
"Khris Davis","9112","Athletics","DH","348","","-0.454724788665771","-0.5"
"Jeurys Familia","5114","Mets","P","","32.2","-0.463491946458817","-0.5"
"Wilmer Difo","14320","Nationals","SS","134","","-0.464629381895065","-0.5"
"Ian Kinsler","6195","Padres","2B","273","","-0.464807391166687","-0.5"
"Alen Hanson","12926","Blue Jays","2B/RF","48","","-0.467698216438293","-0.5"
"Josh Rogers","18510","Orioles","P","","14.1","-0.471835672855377","-0.5"
"Trevor Cahill","6249","Angels","P","","72.1","-0.467836409807205","-0.5"
"Corbin Martin","19884","Astros","P","","19.1","-0.491278052330017","-0.5"
"Roman Quinn","13546","Phillies","CF","67","","-0.512488782405853","-0.5"
"Manny Banuelos","5365","White Sox","P","","45.2","-0.493579506874084","-0.5"
"Nicky Delmonico","13157","White Sox","LF","68","","-0.498646050691605","-0.5"
"Edgar Garcia","19276","Phillies","P","","26.1","-0.507352888584137","-0.5"
"Peter Bourjos","2578","Angels","CF/LF","46","","-0.508978068828583","-0.5"
"Bobby Wilson","6564","Tigers","C","41","","-0.512142717838287","-0.5"
"Carter Kieboom","19958","Nationals","SS","43","","-0.517341673374176","-0.5"
"Tyler White","15564","Astros","1B/DH","253","","-0.255493879318237","-0.5"
"Rosell Herrera","11611","Marlins","RF/CF","119","","-0.53301340341568","-0.5"
"Mike Foltynewicz","10811","Braves","P","","59.1","-0.329369992017746","-0.5"
"Austin Dean","18288","Marlins","LF","88","","-0.537931859493256","-0.5"
"Jose Quijada","19200","Marlins","P","","13.1","-0.54129695892334","-0.5"
"Mac Williamson","14158","- - -","LF","144","","-0.542280748486519","-0.5"
"Mikie Mahtook","13130","Tigers","CF","25","","-0.549551069736481","-0.5"
"Dawel Lugo","14713","Tigers","3B","86","","-0.55401599407196","-0.6"
"Jake Elmore","7290","Pirates","3B","20","","-0.556858897209167","-0.6"
"Drew Steckenrider","18806","Marlins","P","","14.1","-0.557627499103546","-0.6"
"Keon Broxton","9253","- - -","CF/LF","165","","-0.560842618346214","-0.6"
"Zac Reininger","15285","Tigers","P","","20.1","-0.564077377319336","-0.6"
"Leonys Martin","11846","Indians","CF","264","","-0.564313471317291","-0.6"
"Carlos Gonzalez","7287","- - -","RF/LF","166","","-0.568558841943741","-0.6"
"Alex Cobb","6562","Orioles","P","","12.1","-0.579392075538635","-0.6"
"Ronald Guzman","14388","Rangers","1B","227","","-0.584759116172791","-0.6"
"Matt Koch","13420","Diamondbacks","P","","20.2","-0.511441469192505","-0.6"
"Raimel Tapia","14350","Rockies","LF","292","","-0.590765655040741","-0.6"
"Starlin Castro","4579","Marlins","2B","416","","-0.594144642353058","-0.6"
"Josh Harrison","8202","Tigers","2B","146","","-0.596742987632751","-0.6"
"Jerad Eickhoff","12664","Phillies","P","","58.1","-0.428310364484787","-0.6"
"Kyle Bird","16618","Rangers","P","","12.1","-0.604590535163879","-0.6"
"Mike Montgomery","4869","- - -","P","","29.0","-0.614132225513458","-0.6"
"Aaron Altherr","11270","- - -","RF/CF","42","","-0.642844747751951","-0.6"
"Drew Smyly","11760","- - -","P","","57.1","-0.576631665229797","-0.6"
"J.T. Riddle","17642","Marlins","SS/CF","139","","-0.615968644618988","-0.6"
"Scott Schebler","12225","Reds","CF","95","","-0.633462011814117","-0.6"
"Jose Rondon","14140","White Sox","2B/SS","151","","-0.64644855260849","-0.6"
"Daniel Descalso","8392","Cubs","2B","185","","-0.601346850395203","-0.7"
"Brendan Rodgers","17907","Rockies","2B/SS","81","","-0.672396719455719","-0.7"
"Cody Allen","12183","Angels","P","","23.0","-0.6685990691185","-0.7"
"Eric Stamets","13795","Indians","SS","48","","-0.683038532733917","-0.7"
"Socrates Brito","12944","Blue Jays","RF","43","","-0.689231991767883","-0.7"
"Welington Castillo","3256","White Sox","C","146","","-0.693942725658417","-0.7"
"Nick Williams","14330","Phillies","LF","99","","-0.745269358158112","-0.7"
"Grayson Greiner","17062","Tigers","C","169","","-0.7490314245224","-0.7"
"Cedric Mullins II","17929","Orioles","CF","74","","-0.760391175746918","-0.8"
"Martin Prado","3312","Marlins","1B/3B","168","","-0.772244155406952","-0.8"
"Garrett Hampson","19262","Rockies","2B","161","","-0.778141736984253","-0.8"
"Matt Kemp","5631","Reds","LF","62","","-0.781077980995178","-0.8"
"Isiah Kiner-Falefa","16512","Rangers","C","121","","-0.796388566493988","-0.8"
"Mark Reynolds","7619","Rockies","1B","162","","-0.793943285942078","-0.8"
"Chris Owings","10030","Royals","2B/3B","145","","-0.701170265674591","-0.8"
"Adam Warren","9029","Padres","P","","28.2","-0.828928709030151","-0.8"
"Ryan O'Hearn","16442","Royals","1B","213","","-0.831683158874512","-0.8"
"Edwin Jackson","1841","Blue Jays","P","","28.1","-0.802065968513489","-0.8"
"Kendrys Morales","8610","- - -","1B/DH","201","","-0.830253154039383","-0.9"
"Travis Shaw","11982","Brewers","3B","212","","-0.879756331443787","-0.9"
"Steve Pearce","9957","Red Sox","1B","99","","-0.900959730148315","-0.9"
"Zack Cozart","2616","Angels","3B","107","","-0.916286587715149","-0.9"
"Derek Holland","4141","Giants","P","","68.2","-0.856118083000183","-0.9"
"Lucas Duda","2502","Royals","1B/DH","114","","-0.966824471950531","-1.0"
"Chris Davis","9272","Orioles","1B","244","","-0.992791652679443","-1.0"
"Miguel Andujar","15878","Yankees","3B/DH","49","","-1.05285704135895","-1.1"
"Elias Diaz","11680","Pirates","C","226","","-1.06375443935394","-1.1"
"John Hicks","12547","Tigers","C","215","","-1.07682979106903","-1.1"
"Daniel Palka","14897","White Sox","RF","52","","-1.08333015441895","-1.1"
"Eduardo Nunez","6848","Red Sox","2B","174","","-1.03400540351868","-1.1"
"Curtis Granderson","4747","Marlins","LF","269","","-1.13742065429688","-1.1"
"Dan Straily","9460","Orioles","P","","47.2","-1.16126549243927","-1.2"
"Richie Martin Jr.","17736","Orioles","SS","219","","-1.22740006446838","-1.2"
"Yonder Alonso","2530","- - -","1B/DH","252","","-1.23388987034559","-1.2"
"Juan Lagares","5384","Mets","CF","163","","-1.2634654045105","-1.3"
"Jeff Mathis","3448","Rangers","C","174","","-1.63760733604431","-1.6"
