Player,Team,Pos,G,AB,R,H,2B,3B,HR,RBI,SB,CS,BB,SO,SH,SF,HBP,AVG,OBP,SLG,OPS
Whit Merrifield,KC,2B,91,382,62,117,25,7,11,44,13,7,27,75,0,2,3,.306,.355,.495,.850
Marcus Semien,OAK,SS,92,376,61,102,21,2,14,48,5,4,46,56,0,1,0,.271,.350,.449,.799
Ronald Acuna,ATL,OF,90,360,68,105,12,1,21,53,13,3,42,96,0,0,7,.292,.377,.506,.883
Domingo Santana,SEA,OF,90,357,52,102,19,1,18,63,6,3,37,116,0,2,2,.286,.354,.496,.850
Jorge Polanco,MIN,SS,85,356,57,111,23,5,13,42,4,3,32,58,1,4,2,.312,.368,.514,.882
Freddie Freeman,ATL,1B,90,356,69,110,25,2,23,68,3,2,46,75,0,0,4,.309,.394,.584,.978
Javier Baez,CHC,SS,88,356,59,103,23,3,22,62,5,5,19,108,0,1,0,.289,.324,.556,.880
Ketel Marte,ARI,2B,87,354,58,110,20,4,20,53,4,0,26,54,0,2,2,.311,.359,.559,.918
Ozzie Albies,ATL,2B,90,352,56,102,21,3,14,49,6,2,31,60,0,2,3,.290,.351,.486,.837
Starlin Castro,MIA,2B,88,351,24,86,12,1,6,34,1,1,15,64,0,5,0,.245,.272,.336,.608
Eric Hosmer,SD,1B,89,349,48,100,15,1,13,62,0,1,25,73,0,2,2,.287,.336,.447,.783
Eduardo Escobar,ARI,SS,89,348,58,103,20,6,18,67,3,1,31,77,0,6,3,.296,.353,.543,.896
Rafael Devers,BOS,3B,87,346,69,112,25,2,16,62,8,5,28,60,1,1,2,.324,.377,.546,.923
Mookie Betts,BOS,OF,88,345,77,94,20,4,13,40,10,1,68,60,0,3,2,.272,.392,.467,.859
Jose Abreu,CWS,1B,86,345,44,96,21,0,21,66,2,2,18,85,0,4,3,.278,.316,.522,.838
Lorenzo Cain,MIL,OF,83,341,48,84,21,0,5,30,10,4,28,65,0,3,4,.246,.309,.352,.661
Dansby Swanson,ATL,SS,89,341,58,92,19,3,17,57,7,4,29,75,1,5,4,.270,.330,.493,.823
Nolan Arenado,COL,3B,88,340,61,106,21,2,20,67,2,2,36,53,0,4,2,.312,.377,.562,.939
Jonathan Villar,BAL,2B,89,340,55,88,21,2,10,37,17,6,33,89,2,2,2,.259,.326,.421,.747
Matt Chapman,OAK,3B,89,339,59,90,22,3,21,52,0,1,43,74,0,2,4,.265,.353,.534,.887
Josh Bell,PIT,1B,88,338,69,102,30,3,27,84,0,1,42,79,0,6,2,.302,.376,.648,1.024
Jorge Soler,KC,OF,91,338,43,81,18,0,23,59,0,1,28,108,0,2,6,.240,.307,.497,.804
DJ LeMahieu,NYY,2B,81,336,65,113,21,2,12,63,4,1,25,53,1,3,2,.336,.383,.518,.901
Cesar Hernandez,PHI,2B,89,333,42,95,18,3,7,40,6,1,23,49,0,4,6,.285,.339,.420,.759
Nicholas Castellanos,DET,OF,83,333,48,94,29,3,9,33,2,1,28,78,0,2,3,.282,.342,.468,.810
Michael Brantley,HOU,OF,84,333,48,108,24,1,12,46,3,2,29,36,0,1,3,.324,.383,.511,.894
Xander Bogaerts,BOS,SS,86,333,67,98,29,0,17,65,3,1,50,70,0,4,1,.294,.384,.535,.919
Bryce Harper,PHI,OF,90,332,53,84,24,0,16,62,5,3,59,105,0,1,3,.253,.370,.470,.840
Manny Machado,SD,SS,87,331,51,88,14,0,20,58,2,1,35,76,0,3,3,.266,.339,.489,.828
Paul Goldschmidt,STL,1B,88,331,49,84,9,0,16,37,0,1,43,97,0,0,2,.254,.343,.426,.769
Jean Segura,PHI,SS,80,331,55,92,20,3,10,40,7,1,18,42,1,1,4,.278,.322,.447,.769
Amed Rosario,NYM,SS,87,331,38,86,16,4,9,42,10,3,19,79,2,3,1,.260,.299,.414,.713
Paul DeJong,STL,SS,87,330,55,85,20,1,13,36,6,3,36,72,0,2,8,.258,.343,.442,.785
Starling Marte,PIT,OF,78,330,54,92,17,4,12,45,13,2,15,60,2,3,7,.279,.321,.464,.785
Freddy Galvis,TOR,SS,86,330,42,89,18,1,15,44,4,1,19,81,0,1,0,.270,.309,.467,.776
Yuli Gurriel,HOU,1B,82,328,48,91,21,2,14,50,3,3,19,36,0,5,1,.277,.314,.482,.796
Trey Mancini,BAL,1B,84,327,56,95,19,2,17,40,1,0,29,73,0,3,3,.291,.351,.517,.868
Elvis Andrus,TEX,SS,79,327,49,99,19,3,8,45,19,4,16,54,0,4,4,.303,.339,.453,.792
Randal Grichuk,TOR,OF,84,326,41,76,13,1,15,38,1,0,25,101,0,1,2,.233,.291,.417,.708
Ramon Laureano,OAK,OF,91,325,52,86,18,0,16,47,10,2,18,96,0,5,8,.265,.315,.468,.783
Pete Alonso,NYM,1B,89,325,57,91,21,2,30,68,1,0,37,92,0,2,12,.280,.372,.634,1.006
Adam Eaton,WAS,OF,85,324,50,91,9,3,6,21,7,3,41,59,3,2,5,.281,.368,.383,.751
Tommy Pham,TB,OF,83,324,42,91,15,2,13,38,8,3,49,73,0,1,3,.281,.379,.460,.839
Mike Moustakas,MIL,3B,84,323,54,85,18,0,25,53,3,0,30,61,0,1,5,.263,.334,.551,.885
Max Kepler,MIN,OF,81,323,55,85,21,0,21,55,1,4,35,57,0,4,3,.263,.337,.523,.860
Nick Markakis,ATL,OF,91,322,55,92,22,2,8,51,1,0,38,47,0,5,1,.286,.358,.441,.799
Eugenio Suarez,CIN,3B,87,322,42,80,16,0,20,54,1,2,35,98,0,4,4,.248,.326,.484,.810
Alex Gordon,KC,OF,86,320,47,88,23,1,10,55,5,1,29,66,1,5,12,.275,.352,.447,.799
Shin-Soo Choo,TEX,OF,84,319,56,92,23,2,13,36,8,1,40,88,0,1,10,.288,.384,.495,.879
Cody Bellinger,LAD,1B,88,318,70,107,19,2,30,71,8,5,54,56,0,3,2,.336,.432,.692,1.124
Alex Bregman,HOU,SS,88,317,61,84,14,1,23,56,4,1,67,51,0,6,4,.265,.393,.533,.926
Kris Bryant,CHC,3B,85,317,66,94,28,1,17,44,1,0,46,73,0,1,11,.297,.403,.552,.955
Nick Ahmed,ARI,SS,89,317,46,83,20,3,9,39,6,0,24,70,1,8,2,.262,.311,.429,.740
Adalberto Mondesi,KC,SS,77,317,44,85,17,9,7,51,28,3,16,94,1,6,0,.268,.298,.445,.743
Jose Ramirez,CLE,3B,85,317,39,69,15,2,7,35,18,3,41,49,0,4,2,.218,.308,.344,.652
Anthony Rizzo,CHC,1B,86,316,57,86,17,2,19,58,3,2,44,55,0,1,14,.272,.384,.519,.903
Kole Calhoun,LAA,OF,86,316,52,75,16,1,19,47,3,1,38,83,0,2,3,.237,.323,.475,.798
J.D. Martinez,BOS,OF,79,316,52,96,19,1,18,48,1,0,36,68,0,2,2,.304,.376,.541,.917
Charlie Blackmon,COL,OF,73,315,67,104,21,7,20,57,2,2,20,59,0,1,5,.330,.378,.632,1.010
Adam Jones,ARI,OF,82,315,42,83,17,0,13,44,2,1,18,57,0,2,5,.263,.312,.441,.753
Trevor Story,COL,SS,77,315,68,92,20,2,19,50,12,4,29,91,0,1,4,.292,.358,.549,.907
Rhys Hoskins,PHI,OF,89,315,47,83,20,2,20,59,1,2,68,94,0,3,6,.263,.401,.530,.931
Nomar Mazara,TEX,OF,82,314,50,82,19,1,12,49,3,1,22,77,0,3,5,.261,.317,.443,.760
Andrew Benintendi,BOS,OF,76,314,42,86,21,4,7,38,9,2,35,82,2,3,4,.274,.351,.433,.784
Leury Garcia,CWS,OF,78,314,58,92,17,0,5,24,8,4,12,74,3,2,5,.293,.327,.395,.722
Carlos Santana,CLE,1B,87,313,60,93,17,1,19,52,4,0,64,56,0,0,1,.297,.418,.540,.958
Kevin Pillar,SF,OF,84,312,46,80,18,1,12,47,8,1,10,47,0,3,4,.256,.286,.436,.722
Brian Anderson,MIA,3B,87,311,34,78,18,1,11,38,4,1,33,75,0,2,8,.251,.336,.421,.757
Adam Frazier,PIT,2B,82,310,49,89,20,4,4,26,3,2,20,39,2,1,6,.287,.341,.416,.757
Josh Donaldson,ATL,3B,87,308,49,77,21,0,18,45,2,1,49,92,0,1,5,.250,.361,.494,.855
Avisail Garcia,TB,OF,77,308,39,85,14,1,12,43,9,2,20,75,0,1,7,.276,.333,.445,.778
J.T. Realmuto,PHI,C,85,308,55,84,19,1,10,42,4,1,24,77,0,3,3,.273,.328,.438,.766
Eddie Rosario,MIN,OF,75,308,51,87,14,1,20,60,3,1,14,45,0,2,0,.282,.312,.529,.841
Miguel Rojas,MIA,SS,86,305,32,90,21,0,1,26,6,4,25,42,0,4,4,.295,.352,.374,.726
Max Muncy,LAD,1B,89,305,56,81,13,1,22,60,3,1,49,84,0,3,1,.266,.366,.531,.897
Josh Reddick,HOU,OF,82,305,37,89,12,1,10,32,4,2,21,37,0,6,0,.292,.331,.436,.767
Yoan Moncada,CWS,2B,79,305,49,94,18,3,16,48,6,3,25,92,1,2,3,.308,.364,.544,.908
Yasiel Puig,CIN,OF,82,304,40,78,10,1,20,51,13,3,18,74,0,3,4,.257,.304,.493,.797
Willy Adames,TB,SS,85,304,35,72,12,1,10,26,3,1,25,93,2,0,2,.237,.299,.382,.681
Kyle Schwarber,CHC,OF,85,304,45,69,14,1,18,43,1,2,43,100,0,5,1,.227,.320,.457,.777
Christian Yelich,MIL,OF,82,304,66,100,18,2,31,67,19,2,52,68,0,3,6,.329,.433,.707,1.140
Christian Walker,ARI,1B,86,304,46,80,20,1,17,45,5,1,30,94,0,0,2,.263,.333,.503,.836
Mike Trout,LAA,OF,87,302,71,91,18,1,28,67,8,2,76,69,0,3,10,.301,.453,.646,1.099
David Dahl,COL,OF,80,302,55,93,23,4,12,51,2,4,20,88,1,5,3,.308,.352,.530,.882
Renato Nunez,BAL,3B,84,301,43,72,17,0,20,49,0,1,24,84,0,0,4,.239,.304,.495,.799
C.J. Cron,MIN,1B,78,301,36,80,18,0,17,54,0,0,23,64,0,2,5,.266,.326,.495,.821
Gleyber Torres,NYY,SS,81,301,56,88,14,0,19,50,3,1,33,76,1,4,1,.292,.360,.528,.888
Joey Votto,CIN,1B,81,299,44,80,17,1,8,22,2,0,41,72,0,1,3,.268,.360,.411,.771
David Fletcher,LAA,2B,84,298,45,88,15,2,5,30,5,3,30,25,0,1,0,.295,.359,.409,.768
Stephen Piscotty,OAK,OF,76,297,37,72,15,1,9,34,2,0,27,70,1,2,1,.242,.306,.391,.697
David Peralta,ARI,OF,73,294,39,85,24,2,9,44,0,0,26,72,0,1,3,.289,.352,.476,.828
Luke Voit,NYY,1B,78,293,53,82,14,1,17,50,0,0,49,90,0,1,6,.280,.393,.509,.902
Marcell Ozuna,STL,OF,78,293,52,76,15,0,20,62,8,1,31,68,0,1,1,.259,.331,.515,.846
Niko Goodrum,DET,2B,79,293,46,69,18,3,7,28,8,2,34,90,0,2,1,.235,.315,.389,.704
Orlando Arcia,MIL,SS,87,293,35,70,11,1,12,37,5,3,26,63,0,1,0,.239,.300,.406,.706
Jurickson Profar,OAK,SS,80,292,34,62,14,1,10,40,6,0,20,51,0,1,6,.212,.276,.370,.646
Joe Panik,SF,2B,80,290,28,66,14,1,3,22,3,2,31,34,0,4,3,.228,.305,.314,.619
Mallex Smith,SEA,OF,73,290,43,69,13,4,5,23,23,4,23,76,1,1,5,.238,.304,.362,.666
Victor Robles,WAS,OF,85,289,47,71,14,2,13,37,12,6,17,80,6,3,16,.246,.320,.443,.763
Jeff McNeil,NYM,2B,76,289,41,101,23,1,7,36,3,5,18,38,0,0,11,.349,.409,.509,.918
Jason Heyward,CHC,OF,83,289,42,77,7,3,14,37,5,1,40,59,0,2,1,.266,.355,.457,.812
Justin Turner,LAD,3B,82,289,45,85,14,0,10,34,1,0,29,53,0,4,11,.294,.375,.446,.821
Jonathan Schoop,MIN,2B,76,288,44,75,18,0,14,39,1,0,12,75,0,0,9,.260,.311,.469,.780
Michael Conforto,NYM,OF,81,287,47,70,17,0,16,44,5,0,48,79,0,4,6,.244,.359,.470,.829
Juan Soto,WAS,OF,79,287,53,86,15,4,15,56,6,0,51,73,0,2,2,.300,.406,.537,.943
Brett Gardner,NYY,OF,84,285,54,70,11,4,15,41,8,2,33,50,0,2,3,.246,.328,.470,.798
Enrique Hernandez,LAD,2B,86,284,36,62,10,1,14,43,2,0,23,71,0,3,5,.218,.286,.408,.694
Francisco Lindor,CLE,SS,69,284,45,84,17,1,14,32,13,1,25,52,0,3,3,.296,.356,.511,.867
Tommy La Stella,LAA,3B,78,283,49,85,7,0,16,44,0,0,20,27,0,0,3,.300,.353,.495,.848
Miguel Cabrera,DET,1B,80,283,22,86,12,0,5,36,0,0,29,64,0,4,2,.304,.368,.399,.767
Yasmani Grandal,MIL,C,84,282,45,73,14,2,19,48,3,0,50,71,0,5,4,.259,.372,.525,.897
Kevin Kiermaier,TB,OF,80,282,39,71,10,6,10,41,17,3,18,64,1,1,1,.252,.298,.436,.734
Ryan Braun,MIL,OF,84,280,35,76,15,0,12,40,5,1,17,67,0,0,3,.271,.320,.454,.774
Anthony Rendon,WAS,3B,75,280,65,85,22,2,20,62,1,1,33,49,0,4,7,.304,.386,.611,.997
Kolten Wong,STL,2B,86,279,34,68,14,1,7,35,14,0,30,48,1,3,6,.244,.327,.376,.703
Jackie Bradley Jr.,BOS,OF,81,279,36,65,17,1,9,31,6,2,34,83,3,1,7,.233,.330,.398,.728
Brandon Lowe,TB,2B,76,279,40,77,17,2,16,49,5,0,22,104,0,1,5,.276,.339,.523,.862
Jake Bauers,CLE,1B,82,278,34,68,11,1,11,36,2,3,28,80,0,2,2,.245,.316,.410,.726
Matt Carpenter,STL,1B,77,278,42,60,12,2,10,28,6,1,44,80,0,2,2,.216,.325,.381,.706
Jose Iglesias,CIN,SS,80,277,32,78,11,2,5,33,2,3,13,43,0,1,1,.282,.315,.390,.705
Daniel Vogelbach,SEA,1B,85,277,49,66,11,0,21,51,0,0,61,79,0,2,1,.238,.375,.505,.880
Franmil Reyes,SD,OF,85,277,38,70,7,0,25,42,0,0,21,80,0,4,0,.253,.301,.549,.850
Khris Davis,OAK,DH,74,275,39,65,6,0,16,43,0,0,24,78,0,0,3,.236,.305,.433,.738
Brandon Belt,SF,1B,86,275,47,65,16,2,10,33,2,1,54,66,0,3,3,.236,.364,.418,.782
Alex Verdugo,LAD,OF,86,274,34,83,20,2,9,39,4,0,21,29,0,6,2,.303,.350,.489,.839
Austin Meadows,TB,OF,71,273,36,79,14,4,12,41,8,4,27,72,0,0,5,.289,.364,.502,.866
Brandon Crawford,SF,SS,80,273,27,61,16,1,5,28,2,1,26,72,0,3,1,.223,.290,.344,.634
Hanser Alberto,BAL,3B,73,272,22,84,11,1,3,25,4,2,7,28,2,2,2,.309,.329,.390,.719
Tim Anderson,CWS,SS,70,271,39,86,14,0,11,37,15,4,7,59,0,0,3,.317,.342,.491,.833
Michael Chavis,BOS,3B,69,270,38,71,8,1,15,48,2,1,25,99,0,0,3,.263,.332,.467,.799
Dwight Smith,BAL,OF,72,270,37,65,14,2,11,44,4,1,19,61,0,3,3,.241,.295,.430,.725
Rougned Odor,TEX,2B,74,270,40,52,14,1,13,47,7,6,22,96,1,1,2,.193,.258,.396,.654
Brian Dozier,WAS,2B,83,270,32,63,15,0,14,33,1,1,33,74,0,1,3,.233,.322,.444,.766
Evan Longoria,SF,3B,80,269,37,64,14,2,12,37,2,0,27,61,0,1,3,.238,.313,.439,.752
Asdrubal Cabrera,TEX,2B,77,269,40,61,12,0,11,45,3,0,34,74,0,3,2,.227,.315,.394,.709
Maikel Franco,PHI,3B,82,269,35,61,11,0,13,41,0,0,27,36,0,1,0,.227,.296,.413,.709
Hunter Renfroe,SD,OF,81,266,40,67,13,1,27,49,4,0,22,79,0,1,0,.252,.308,.613,.921
Ian Desmond,COL,OF,80,263,42,72,22,2,11,45,1,2,20,73,0,2,2,.274,.328,.498,.826
Albert Pujols,LAA,1B,71,261,30,61,11,0,13,45,0,0,26,35,0,6,2,.234,.302,.425,.727
Yadier Molina,STL,C,71,261,24,68,16,0,4,36,4,0,9,34,0,4,2,.261,.286,.368,.654
Gary Sanchez,NYY,C,68,261,39,64,7,1,24,57,0,0,24,81,0,1,3,.245,.315,.556,.871
Yandy Diaz,TB,3B,67,260,45,72,18,1,11,32,2,2,31,50,0,4,1,.277,.351,.481,.832
Rowdy Tellez,TOR,1B,76,259,33,59,13,0,14,40,1,1,17,81,0,2,3,.228,.281,.440,.721
Willson Contreras,CHC,C,77,259,41,74,14,1,18,52,1,2,33,76,0,2,8,.286,.381,.556,.937
Joc Pederson,LAD,OF,82,259,48,62,7,3,20,42,0,0,28,59,0,1,9,.239,.333,.521,.854
Jason Kipnis,CLE,2B,68,258,25,62,12,1,7,34,5,1,24,47,4,4,0,.240,.301,.376,.677
Marwin Gonzalez,MIN,SS,69,255,32,65,12,0,10,29,1,0,20,63,0,0,4,.255,.319,.420,.739
Omar Narvaez,SEA,C,76,255,43,75,7,0,14,36,0,0,28,55,0,2,2,.294,.366,.486,.852
Wil Myers,SD,3B,88,254,42,55,11,0,12,27,9,3,34,104,1,0,2,.217,.314,.402,.716
Christian Vazquez,BOS,C,74,254,38,76,12,1,14,41,1,2,14,50,1,3,0,.299,.332,.520,.852
Chris Taylor,LAD,SS,88,253,31,68,20,3,8,41,7,0,26,78,2,4,1,.269,.335,.466,.801
Colin Moran,PIT,3B,85,252,31,74,15,1,10,49,0,0,16,65,0,1,0,.294,.335,.480,.815
Jesse Winker,CIN,OF,80,252,38,63,12,1,13,26,0,1,24,46,0,0,5,.250,.327,.460,.787
Raimel Tapia,COL,OF,83,250,34,66,17,5,6,27,3,3,13,66,0,0,0,.264,.300,.444,.744
Wilson Ramos,NYM,C,78,250,35,68,7,0,9,41,0,0,29,44,0,1,1,.272,.349,.408,.757
Albert Almora Jr.,CHC,OF,85,248,29,62,11,1,8,25,2,0,12,38,4,1,1,.250,.286,.399,.685
Hunter Dozier,KC,3B,68,248,31,70,15,4,13,45,1,1,33,64,0,3,2,.282,.367,.532,.899
Steven Duggar,SF,OF,67,248,25,58,11,2,4,28,1,4,15,77,0,3,1,.234,.277,.343,.620
Tim Beckham,SEA,SS,72,246,31,56,17,0,14,39,1,3,15,81,0,0,3,.228,.280,.467,.747
Mitch Haniger,SEA,OF,63,246,46,54,13,1,15,32,4,0,30,81,0,2,5,.220,.314,.463,.777
Justin Smoak,TOR,1B,71,244,33,53,7,0,14,37,0,0,49,57,0,1,5,.217,.358,.418,.776
Brandon Drury,TOR,3B,69,243,26,53,14,1,8,22,0,0,16,73,0,2,1,.218,.267,.383,.650
Yolmer Sanchez,CWS,2B,77,242,26,61,8,2,1,21,3,3,20,61,4,1,4,.252,.318,.314,.632
Jose Martinez,STL,1B,85,242,31,69,10,0,8,31,1,0,21,51,0,1,1,.285,.343,.426,.769
Robinson Cano,NYM,2B,65,242,19,58,17,0,4,18,0,0,14,47,0,0,2,.240,.287,.360,.647
Edwin Encarnacion,SEA,1B,65,241,48,58,7,0,21,49,0,1,41,55,0,3,4,.241,.356,.531,.887
Ji-Man Choi,TB,1B,70,241,28,64,9,1,9,33,1,3,30,57,0,4,4,.266,.351,.423,.774
Dexter Fowler,STL,OF,80,240,33,61,10,1,10,32,4,2,33,65,1,1,6,.254,.357,.429,.786
Dee Gordon,SEA,2B,68,240,25,64,7,3,3,25,15,2,11,41,2,4,1,.267,.297,.358,.655
Billy Hamilton,KC,OF,78,240,29,52,9,2,0,9,16,5,23,61,3,1,0,.217,.284,.271,.555
Rio Ruiz,BAL,3B,79,238,21,56,7,0,5,25,0,0,25,60,1,1,0,.235,.307,.328,.635
Ryan McMahon,COL,1B,71,238,37,61,13,0,7,36,2,0,27,75,0,0,0,.256,.332,.399,.731
Byron Buxton,MIN,OF,73,237,43,60,24,4,9,42,12,3,19,59,2,0,2,.253,.314,.502,.816
Corey Seager,LAD,SS,66,237,40,66,21,0,8,38,1,0,28,51,0,2,3,.278,.359,.468,.827
Leonys Martin,CLE,OF,65,236,32,47,7,0,9,19,4,5,21,78,3,0,4,.199,.276,.343,.619
Robbie Grossman,OAK,OF,75,236,35,62,15,1,5,25,5,4,34,45,0,1,0,.263,.354,.398,.752
Jonathan Lucroy,LAA,C,73,236,28,56,7,1,7,30,0,0,21,38,0,3,4,.237,.307,.364,.671
Ian Kinsler,SD,2B,73,235,25,51,12,0,8,19,2,3,16,45,0,1,3,.217,.275,.370,.645
Jorge Alfaro,MIA,C,68,234,24,64,8,0,10,30,1,3,8,81,0,0,7,.274,.317,.436,.753
Nelson Cruz,MIN,DH,62,233,37,65,16,0,16,46,0,1,29,75,0,1,4,.279,.367,.554,.921
Christin Stewart,DET,OF,65,232,22,54,16,1,6,29,0,1,26,60,0,5,4,.233,.315,.388,.703
James McCann,CWS,C,63,231,38,73,16,0,9,30,4,0,18,65,0,0,2,.316,.371,.502,.873
Melky Cabrera,PIT,OF,77,231,30,72,14,1,6,31,2,0,12,24,1,0,1,.312,.348,.459,.807
George Springer,HOU,OF,59,231,47,70,10,1,18,46,5,1,31,55,0,4,2,.303,.384,.589,.973
Martin Maldonado,KC,C,71,230,25,52,14,0,5,16,0,0,17,53,1,1,5,.226,.292,.352,.644
Eric Sogard,TOR,2B,60,228,37,67,11,2,9,26,6,0,26,36,3,3,1,.294,.364,.478,.842
Eloy Jimenez,CWS,OF,62,228,34,55,7,0,16,38,0,0,19,72,0,2,2,.241,.303,.482,.785
Jarrod Dyson,ARI,OF,73,226,40,58,6,2,5,18,20,2,29,49,0,1,1,.257,.342,.367,.709
Vladimir Guerrero Jr.,TOR,3B,61,225,29,56,13,0,8,25,0,1,26,47,0,1,1,.249,.328,.413,.741
JaCoby Jones,DET,OF,69,225,28,55,14,2,9,23,6,1,18,75,1,1,5,.244,.313,.444,.757
Jose Peraza,CIN,SS,81,225,23,50,8,1,5,20,5,4,11,36,0,2,6,.222,.275,.333,.608
Gio Urshela,NYY,3B,72,224,36,68,16,0,7,39,1,1,16,41,0,4,4,.304,.355,.469,.824
Kevin Newman,PIT,SS,62,223,25,73,12,2,6,33,6,2,15,29,1,1,1,.327,.371,.480,.851
Bryan Reynolds,PIT,OF,67,222,38,76,18,2,7,33,0,2,24,54,0,1,4,.342,.414,.536,.950
Andrelton Simmons,LAA,SS,55,221,26,63,13,0,4,23,7,1,8,21,0,0,1,.285,.313,.398,.711
Brian Goodwin,LAA,OF,75,221,39,61,12,1,7,25,3,2,20,60,1,3,2,.276,.337,.434,.771
Daniel Murphy,COL,2B,63,219,26,60,15,1,7,44,1,0,19,36,0,3,0,.274,.328,.447,.775
Todd Frazier,NYM,3B,66,219,28,56,6,1,11,34,1,2,21,46,0,0,7,.256,.340,.443,.783
Yonder Alonso,CWS,1B,67,219,23,39,6,0,7,27,0,1,29,53,0,2,1,.178,.275,.301,.576
Andrew McCutchen,PHI,OF,59,219,45,56,12,1,10,29,2,1,43,55,0,0,0,.256,.378,.457,.835
David Bote,CHC,2B,79,219,33,55,13,0,9,35,4,1,26,66,0,2,3,.251,.336,.434,.770
Robinson Chirinos,HOU,C,69,218,36,49,12,0,12,39,0,2,37,76,2,4,8,.225,.352,.445,.797
Buster Posey,SF,C,65,217,23,55,18,0,3,22,0,0,19,35,0,1,1,.253,.315,.378,.693
Matt Olson,OAK,1B,58,216,33,54,11,0,19,38,0,0,23,58,0,0,3,.250,.331,.565,.896
Teoscar Hernandez,TOR,OF,63,216,24,44,8,1,8,27,4,1,19,71,0,1,0,.204,.267,.361,.628
Jose Altuve,HOU,2B,55,214,30,56,11,0,10,25,2,2,20,34,0,2,2,.262,.328,.453,.781
Nick Senzel,CIN,2B,55,213,33,56,13,2,8,27,8,3,20,54,0,1,0,.263,.325,.455,.780
Danny Jansen,TOR,C,67,213,22,45,10,1,8,27,0,0,20,46,1,1,1,.211,.281,.380,.661
Trea Turner,WAS,SS,50,212,36,61,16,3,7,21,17,3,17,56,0,0,1,.288,.343,.491,.834
Curtis Granderson,MIA,OF,76,212,29,40,13,1,7,22,0,3,23,65,0,2,2,.189,.272,.358,.630
Danny Santana,TEX,OF,63,210,38,63,12,3,9,28,9,5,9,62,0,3,3,.300,.333,.514,.847
Josh Phegley,OAK,C,71,209,31,52,14,0,9,42,0,0,9,37,1,3,5,.249,.292,.445,.737
Howie Kendrick,WAS,2B,72,208,39,68,13,0,12,47,2,1,17,30,0,5,3,.327,.378,.563,.941
Fernando Tatis Jr.,SD,SS,55,208,46,68,9,5,14,33,13,3,20,67,0,2,4,.327,.393,.620,1.013
Joey Gallo,TEX,1B,61,207,49,57,14,1,20,46,4,2,49,95,1,1,2,.275,.417,.643,1.060
Roberto Perez,CLE,C,63,203,29,52,5,1,16,36,0,0,27,67,2,3,2,.256,.345,.527,.872
Eric Thames,MIL,1B,82,202,35,52,10,1,13,36,2,1,33,79,0,2,4,.257,.369,.510,.879
Scott Kingery,PHI,SS,58,202,31,59,16,1,11,27,5,1,12,61,0,0,4,.292,.344,.545,.889
J.D. Davis,NYM,3B,76,201,28,56,9,1,9,25,0,0,18,44,0,0,1,.279,.341,.468,.809
Austin Hedges,SD,C,61,200,15,37,7,0,6,23,1,0,11,71,0,0,5,.185,.245,.310,.555
Tony Wolters,COL,C,65,200,27,57,11,2,1,23,0,1,21,35,1,5,4,.285,.357,.375,.732
Ben Gamel,MIL,OF,78,199,30,50,12,0,5,19,1,2,23,67,0,1,3,.251,.336,.387,.723
Shohei Ohtani,LAA,DH,53,198,28,60,9,1,14,38,4,1,16,53,0,3,1,.303,.353,.571,.924
Jeimer Candelario,DET,3B,53,196,23,42,9,1,6,16,3,1,24,62,0,0,3,.214,.309,.362,.671
Logan Forsythe,TEX,2B,62,196,27,51,16,1,4,32,2,0,31,61,0,2,2,.260,.364,.413,.777
Derek Dietrich,CIN,1B,81,195,36,43,5,2,18,40,1,1,22,54,0,1,17,.221,.349,.544,.893
Harrison Bader,STL,OF,73,195,25,40,8,2,6,19,4,3,24,62,1,1,8,.205,.316,.359,.675
Lourdes Gurriel,TOR,2B,53,195,36,59,13,1,16,37,3,2,15,54,0,2,2,.303,.355,.626,.981
Tyler White,HOU,1B,64,194,15,44,14,0,3,16,0,0,31,66,0,3,0,.227,.329,.345,.674
Manuel Margot,SD,OF,81,194,29,47,10,0,5,18,11,0,14,45,1,0,1,.242,.297,.371,.668
Hunter Pence,TEX,OF,55,194,44,57,14,1,15,48,3,1,17,47,0,2,2,.294,.353,.608,.961
Chad Pinder,OAK,2B,64,193,27,47,12,0,7,25,0,1,9,45,0,2,4,.244,.288,.415,.703
Clint Frazier,NYY,OF,53,191,25,54,11,0,11,34,1,2,13,59,0,3,2,.283,.330,.513,.843
Carlos Correa,HOU,SS,50,190,26,56,13,1,11,35,1,0,20,51,0,3,1,.295,.360,.547,.907
Chris Davis,BAL,1B,63,190,16,36,6,0,7,22,0,0,19,82,0,0,3,.189,.274,.332,.606
Nicky Lopez,KC,2B,48,189,26,43,9,1,1,8,1,1,11,33,2,0,1,.228,.274,.302,.576
Austin Riley,ATL,3B,49,187,34,48,7,1,16,41,0,2,10,69,0,0,5,.257,.312,.561,.873
Jesus Aguilar,MIL,1B,79,187,19,42,6,0,8,32,0,0,29,51,0,3,1,.225,.327,.385,.712
Ryan O'Hearn,KC,1B,56,186,18,35,7,1,6,18,0,1,25,52,0,1,1,.188,.286,.333,.619
Harold Ramirez,MIA,OF,49,186,25,54,9,0,3,20,2,0,8,40,0,0,1,.290,.323,.387,.710
Garrett Cooper,MIA,1B,51,186,33,57,5,1,8,31,0,0,18,50,0,1,3,.306,.375,.473,.848
Brandon Dixon,DET,1B,57,186,22,45,7,0,12,34,3,0,9,61,0,2,0,.242,.274,.473,.747
Neil Walker,MIA,2B,63,184,16,49,10,0,5,17,2,0,21,45,0,0,1,.266,.345,.402,.747
Travis Shaw,MIL,2B,57,183,18,30,5,0,6,13,0,0,27,69,0,0,2,.164,.278,.290,.568
Richie Martin,BAL,SS,69,181,17,30,5,2,4,9,5,0,11,63,3,0,3,.166,.226,.282,.508
Ronald Guzman,TEX,1B,59,179,22,37,16,0,7,27,1,2,20,56,0,4,1,.207,.284,.413,.697
Elias Diaz,PIT,C,56,179,22,49,11,0,1,20,0,0,15,29,0,2,0,.274,.327,.352,.679
Daniel Robertson,TB,2B,59,178,22,36,8,0,2,15,1,1,23,52,0,0,5,.202,.311,.281,.592
Stevie Wilkerson,BAL,2B,57,177,24,38,7,1,7,21,2,2,9,59,0,0,2,.215,.261,.384,.645
Luis Rengifo,LAA,2B,52,177,23,46,10,1,3,19,0,3,19,44,1,3,2,.260,.333,.379,.712
Pablo Sandoval,SF,3B,80,177,29,51,17,0,11,33,1,0,10,48,1,3,1,.288,.325,.571,.896
Jake Marisnick,HOU,OF,72,176,29,44,12,1,8,24,6,2,10,54,3,0,5,.250,.309,.466,.775
Yan Gomes,WAS,C,55,175,14,37,7,0,3,20,0,0,20,44,0,0,3,.211,.303,.303,.606
Greg Garcia,SD,2B,69,174,30,46,10,3,3,20,0,1,23,47,0,1,0,.264,.348,.408,.756
Austin Barnes,LAD,C,61,174,23,36,9,0,5,18,2,0,20,42,0,1,4,.207,.302,.345,.647
Carson Kelly,ARI,C,62,174,21,48,15,0,10,28,0,0,21,39,0,1,1,.276,.355,.534,.889
John Hicks,DET,C,51,172,12,34,10,0,4,14,1,0,8,58,0,1,0,.198,.232,.326,.558
Delino DeShields Jr.,TEX,OF,61,172,22,44,8,1,2,17,12,4,25,44,5,2,2,.256,.353,.349,.702
Oscar Mercado,CLE,OF,43,171,29,48,11,1,4,17,6,2,8,34,4,0,4,.281,.328,.427,.755
Mike Zunino,TB,C,50,170,18,31,10,1,4,19,0,0,9,55,0,0,3,.182,.236,.324,.560
Tyler Naquin,CLE,OF,54,169,18,45,12,0,7,23,3,1,9,42,1,1,1,.266,.306,.462,.768
Pedro Severino,BAL,C,54,169,22,46,8,0,9,25,1,0,16,40,1,2,2,.272,.339,.479,.818
Ryon Healy,SEA,1B,47,169,24,40,16,0,7,26,0,0,13,40,0,4,1,.237,.289,.456,.745
Matt Adams,WAS,1B,63,167,26,39,8,0,13,36,0,0,10,55,0,1,0,.234,.275,.515,.790
Ronny Rodriguez,DET,SS,53,166,18,36,11,3,7,24,2,1,7,50,0,3,0,.217,.244,.446,.690
Jay Bruce,SEA,1B,47,165,27,35,11,0,14,28,1,0,16,53,0,2,1,.212,.283,.533,.816
Eduardo Nunez,BOS,2B,58,163,13,38,7,0,2,20,5,1,4,26,1,2,0,.233,.249,.313,.562
Kurt Suzuki,WAS,C,50,163,20,44,7,0,11,38,0,1,8,25,0,2,3,.270,.313,.515,.828
Mark Canha,OAK,OF,58,163,36,38,8,0,12,22,0,2,31,39,0,2,6,.233,.371,.503,.874
Tucker Barnhart,CIN,C,60,162,18,31,5,0,5,18,0,0,23,50,1,1,0,.191,.290,.315,.605
Brian McCann,ATL,C,50,159,18,42,5,0,8,31,0,0,20,30,0,6,1,.264,.339,.447,.786
Tyler Flowers,ATL,C,48,156,20,38,5,2,7,16,0,0,18,61,0,1,2,.244,.328,.436,.764
Daniel Descalso,CHC,2B,69,156,19,29,5,1,2,15,2,1,22,51,1,1,0,.186,.285,.269,.554
Mitch Garver,MIN,C,44,156,33,46,8,1,13,35,0,0,17,46,0,0,3,.295,.375,.609,.984
Martin Prado,MIA,3B,51,155,17,37,7,0,1,12,0,0,6,23,0,2,0,.239,.264,.303,.567
Ildemaro Vargas,ARI,2B,61,155,20,39,6,0,4,18,1,0,9,21,0,1,0,.252,.291,.368,.659
Grayson Greiner,DET,C,43,154,13,25,3,0,5,14,0,0,13,57,0,1,1,.162,.231,.279,.510
Johan Camargo,ATL,3B,66,153,20,36,9,1,3,22,1,0,7,28,0,0,0,.235,.269,.366,.635
Gregory Polanco,PIT,OF,42,153,23,37,8,1,6,17,3,1,12,49,0,0,1,.242,.301,.425,.726
Mitch Moreland,BOS,1B,47,151,25,34,9,0,13,34,1,0,21,37,0,2,0,.225,.316,.543,.859
Aaron Hicks,NYY,OF,41,150,26,35,8,0,8,28,1,1,23,46,0,3,0,.233,.330,.447,.777
Hernan Perez,MIL,2B,59,149,20,35,7,0,5,11,4,1,9,42,1,1,0,.235,.277,.383,.660
Billy McKinney,TOR,OF,46,149,19,32,11,0,4,11,0,2,10,41,2,1,2,.215,.272,.369,.641
J.P. Crawford,SEA,SS,39,148,20,41,12,2,4,25,1,2,16,40,0,2,1,.277,.347,.466,.813
Miguel Sano,MIN,3B,40,148,28,35,9,1,13,24,0,0,19,64,0,1,0,.236,.321,.574,.895
Jeff Mathis,TEX,C,52,148,13,23,3,0,2,8,0,0,10,51,0,1,0,.155,.208,.216,.424
Ryan Cordell,CWS,OF,59,147,14,34,6,0,5,17,2,0,10,49,5,1,2,.231,.288,.374,.662
Jordan Luplow,CLE,OF,52,146,24,37,8,0,9,24,2,1,17,45,0,1,1,.253,.333,.493,.826
Tony Kemp,HOU,OF,58,145,22,34,6,2,6,16,4,3,16,26,1,2,4,.234,.323,.428,.751
Juan Lagares,NYM,OF,75,143,19,25,5,0,2,15,3,1,11,48,1,1,2,.175,.242,.252,.494
Kyle Seager,SEA,3B,38,143,17,29,6,0,6,18,1,0,17,35,0,2,1,.203,.288,.371,.659
Jung Ho Kang,PIT,3B,52,141,13,24,6,1,8,20,0,0,10,46,0,1,1,.170,.229,.397,.626
Jason Castro,MIN,C,45,140,27,36,8,0,10,24,0,0,14,39,0,1,2,.257,.331,.529,.860
Gordon Beckham,DET,2B,50,139,16,30,11,2,3,7,2,1,11,43,0,0,4,.216,.292,.388,.680
Curt Casali,CIN,C,58,139,15,33,7,0,4,20,0,0,19,42,0,1,1,.237,.331,.374,.705
Justin Bour,LAA,1B,43,138,16,25,5,0,8,25,0,0,14,45,0,1,1,.181,.260,.391,.651
Dominic Smith,NYM,1B,77,138,30,42,10,0,8,14,1,1,18,37,0,0,1,.304,.389,.551,.940
Charlie Tilson,CWS,OF,50,136,16,33,5,0,1,12,4,0,10,35,0,0,3,.243,.309,.301,.610
Josh Harrison,DET,2B,36,136,10,24,7,1,1,8,4,2,6,26,0,2,2,.176,.219,.265,.484
Chris Owings,KC,OF,41,135,9,18,4,1,2,9,4,1,8,55,0,0,2,.133,.193,.222,.415
Willians Astudillo,MIN,C,39,133,19,35,7,0,3,13,0,0,2,5,0,4,3,.263,.282,.383,.665
Brandon Nimmo,NYM,OF,43,130,20,26,7,0,3,14,1,0,26,48,1,1,3,.200,.344,.323,.667
Garrett Hampson,COL,SS,44,130,17,26,4,2,1,8,4,2,7,39,1,1,0,.200,.239,.285,.524
Wilmer Flores,ARI,1B,42,128,13,36,9,0,2,14,0,0,6,14,0,1,3,.281,.326,.398,.724
Dylan Moore,SEA,SS,61,127,16,25,6,0,4,11,6,6,14,45,1,0,5,.197,.301,.339,.640
Addison Russell,CHC,SS,46,127,15,31,3,1,5,13,0,0,14,32,1,2,1,.244,.319,.402,.721
Odubel Herrera,PHI,OF,39,126,12,28,10,1,1,16,2,2,11,33,0,1,1,.222,.288,.341,.629
Mark Reynolds,COL,1B,73,125,13,21,7,0,4,20,1,0,21,51,0,3,2,.168,.291,.320,.611
Cheslor Cuthbert,KC,3B,32,125,10,36,6,0,4,16,1,0,5,33,0,0,0,.288,.315,.432,.747
Cavan Biggio,TOR,2B,38,125,24,29,6,0,6,23,5,0,26,42,0,1,0,.232,.362,.424,.786
JT Riddle,MIA,SS,46,124,15,24,6,0,6,12,0,0,5,39,0,0,2,.194,.237,.387,.624
Ender Inciarte,ATL,OF,40,124,13,27,5,1,2,9,3,1,12,27,0,1,3,.218,.300,.323,.623
Jose Rondon,CWS,DH,46,123,9,24,3,0,3,7,0,0,10,34,1,0,2,.195,.267,.293,.560
Wilmer Difo,WAS,2B,39,121,14,28,2,0,2,7,0,1,12,27,1,0,0,.231,.301,.298,.599
Russell Martin,LAD,C,47,121,19,29,3,0,2,6,0,0,18,34,0,2,6,.240,.361,.314,.675
David Freese,LAD,3B,56,120,30,37,10,0,8,23,0,0,20,29,0,0,0,.308,.407,.592,.999
Mike Yastrzemski,SF,OF,37,120,20,29,5,1,5,16,1,2,8,37,0,1,1,.242,.292,.425,.717
Ehire Adrianza,MIN,SS,48,120,22,34,2,1,4,15,0,1,14,23,0,2,5,.283,.376,.417,.793
Tom Murphy,SEA,C,36,119,13,32,5,0,9,19,1,0,4,45,0,1,1,.269,.296,.538,.834
Guillermo Heredia,TB,OF,54,119,14,28,8,0,2,12,0,1,10,34,2,0,5,.235,.321,.353,.674
Joey Rickard,BAL,OF,42,118,10,24,7,2,2,6,3,2,14,33,0,0,3,.203,.304,.347,.651
Aaron Judge,NYY,OF,33,118,23,32,3,0,9,20,2,1,23,43,0,1,1,.271,.392,.525,.917
Travis d'Arnaud,TB,C,36,118,19,30,6,0,6,20,0,1,10,31,0,2,1,.254,.313,.458,.771
Cameron Maybin,NYY,OF,42,118,27,37,7,0,5,14,6,3,15,34,0,0,0,.314,.391,.500,.891
Mike Tauchman,NYY,OF,42,114,17,26,8,0,4,17,1,0,15,39,0,0,0,.228,.318,.404,.722
Tyler Austin,SF,1B,58,113,22,21,2,1,7,19,0,0,15,51,0,0,0,.186,.281,.407,.688
Cole Tucker,PIT,SS,38,112,11,22,8,0,2,9,0,0,7,34,1,0,0,.196,.244,.321,.565
Francisco Cervelli,PIT,C,34,109,11,21,3,0,1,5,1,0,9,31,1,0,4,.193,.279,.248,.527
Kendrys Morales,OAK,DH,34,108,9,22,1,1,1,7,0,0,14,20,0,1,3,.204,.310,.259,.569
Austin Romine,NYY,C,35,108,9,25,3,0,2,16,0,0,2,24,1,0,0,.231,.245,.315,.560
Isiah Kiner-Falefa,TEX,C,38,108,15,25,7,1,1,13,1,0,10,33,1,0,2,.231,.308,.343,.651
Matt Beaty,LAD,1B,37,108,13,30,8,0,2,17,1,0,3,15,0,0,0,.278,.297,.407,.704
Welington Castillo,CWS,C,34,107,7,21,3,0,5,15,0,0,11,33,0,0,3,.196,.289,.364,.653
Tim Locastro,ARI,2B,47,106,18,25,4,2,0,12,7,0,9,17,0,1,13,.236,.364,.311,.675
Anthony Santander,BAL,OF,28,106,15,29,6,0,4,15,0,2,9,21,1,1,1,.274,.333,.443,.776
Kyle Farmer,CIN,2B,63,105,13,24,3,0,6,20,4,1,5,38,0,1,2,.229,.274,.429,.703
Carlos Gonzalez,CLE,OF,30,105,13,22,1,0,2,7,0,1,10,33,0,1,1,.210,.282,.276,.558
Rosell Herrera,MIA,OF,63,105,10,21,6,0,2,11,4,1,11,27,1,0,2,.200,.288,.314,.602
A.J. Pollock,LAD,OF,28,103,15,23,3,1,2,14,0,1,9,23,0,2,1,.223,.287,.330,.617
Chris Iannetta,COL,C,38,103,14,26,8,0,6,21,0,0,14,38,0,1,1,.252,.345,.505,.850
Jay Bruce,PHI,1B,28,103,14,30,6,0,10,29,0,0,3,16,0,1,0,.291,.308,.641,.949
Stephen Vogt,SF,C,43,103,13,26,11,2,2,13,0,1,10,31,0,2,1,.252,.319,.456,.775
Harold Castro,DET,2B,33,102,10,30,3,2,1,9,2,1,4,25,1,2,0,.294,.315,.392,.707
Luke Maile,TOR,C,38,101,9,17,2,1,2,9,1,0,7,28,2,0,0,.168,.222,.267,.489
Brock Holt,BOS,2B,33,101,17,32,4,1,1,17,1,0,8,23,0,3,2,.317,.368,.406,.774
Keston Hiura,MIL,2B,27,101,12,26,1,0,7,12,3,1,5,35,0,0,4,.257,.318,.475,.793
Aledmys Diaz,HOU,SS,32,98,17,28,5,1,5,22,0,0,7,13,0,4,0,.286,.321,.510,.831
Ty France,SD,3B,34,98,8,23,4,1,2,10,0,1,4,25,0,1,4,.235,.290,.357,.647
Zack Cozart,LAA,3B,38,97,4,12,2,0,0,7,0,0,5,16,0,3,2,.124,.178,.144,.322
Ryan Zimmerman,WAS,1B,27,96,8,23,6,0,3,13,0,0,11,21,0,1,0,.240,.315,.396,.711
Keon Broxton,BAL,OF,32,96,11,19,3,0,3,7,4,1,6,46,1,0,0,.198,.245,.323,.568
Adeiny Hechavarria,NYM,SS,42,96,16,22,4,0,5,16,3,1,4,19,0,0,0,.229,.260,.427,.687
Sandy Leon,BOS,C,36,95,6,19,2,0,2,11,0,0,9,24,3,1,1,.200,.274,.284,.558
Francisco Mejia,SD,C,33,95,9,20,4,1,2,6,0,0,4,26,0,1,3,.211,.262,.337,.599
Josh Naylor,SD,OF,34,93,9,20,4,0,2,13,1,1,8,26,0,0,0,.215,.277,.323,.600
Kevin Plawecki,CLE,C,36,92,8,20,6,0,2,10,0,1,9,19,0,1,2,.217,.298,.348,.646
Didi Gregorius,NYY,SS,22,91,14,25,2,0,4,9,1,1,3,17,0,0,0,.275,.298,.429,.727
Joey Wendle,TB,2B,30,90,8,18,5,0,0,6,3,0,5,19,0,1,5,.200,.277,.256,.533
Lucas Duda,KC,1B,33,89,5,14,3,0,3,14,0,0,11,28,0,2,0,.157,.245,.292,.537
Steve Pearce,BOS,1B,29,89,9,16,4,0,1,9,0,0,7,31,0,1,1,.180,.245,.258,.503
Yairo Munoz,STL,SS,46,88,10,27,4,0,1,7,4,2,2,17,0,0,0,.307,.322,.386,.708
Victor Caratini,CHC,C,34,88,14,26,7,0,4,16,0,0,9,23,0,0,1,.295,.367,.511,.878
Corey Dickerson,PIT,OF,28,87,11,24,12,0,2,18,0,0,6,19,0,2,0,.276,.316,.483,.799
Carlos Gomez,NYM,OF,34,86,10,17,3,0,3,10,4,1,7,30,2,1,3,.198,.278,.337,.615
Gerardo Parra,SF,OF,30,86,8,17,3,0,1,6,2,1,8,18,0,1,2,.198,.278,.267,.545
Austin Dean,MIA,OF,32,86,6,18,5,0,2,10,0,0,1,22,0,1,0,.209,.216,.337,.553
Cam Gallagher,KC,C,32,86,8,17,2,0,1,7,0,0,6,16,1,1,2,.198,.263,.256,.519
Gerardo Parra,WAS,OF,38,85,12,22,6,0,4,17,3,1,3,20,0,0,2,.259,.300,.471,.771
Willie Calhoun,TEX,OF,23,84,14,24,5,0,5,12,0,0,5,17,0,0,0,.286,.326,.524,.850
Luis Arraez,MIN,2B,26,84,14,33,5,0,2,7,1,1,10,8,0,1,0,.393,.453,.524,.977
Ben Zobrist,CHC,2B,26,83,12,20,1,0,0,10,0,0,14,12,0,2,0,.241,.343,.253,.596
Donovan Solano,SF,2B,31,82,9,24,4,0,1,8,0,1,5,13,0,1,0,.293,.330,.378,.708
Matt Wieters,STL,C,33,82,7,18,2,0,5,14,1,1,5,24,0,1,1,.220,.270,.427,.697
Tomas Nido,NYM,C,26,82,5,21,2,0,3,12,0,0,2,20,0,0,0,.256,.274,.390,.664
Dawel Lugo,DET,2B,28,82,5,17,0,3,1,7,0,0,2,19,0,1,1,.207,.233,.317,.550
Nick Williams,PHI,OF,50,81,8,14,4,0,1,4,0,0,3,30,0,0,2,.173,.221,.259,.480
Kevan Smith,LAA,C,27,81,14,24,8,0,2,8,1,0,10,14,0,0,2,.296,.387,.469,.856
Scott Schebler,CIN,OF,30,81,11,10,2,0,2,7,0,1,14,27,0,0,0,.123,.253,.222,.475
Manny Pina,MIL,C,41,79,6,13,2,0,4,8,0,0,10,23,0,0,2,.165,.275,.342,.617
Matt Joyce,ATL,OF,69,78,12,23,7,0,3,10,0,0,14,18,0,0,0,.295,.402,.500,.902
Jordy Mercer,DET,SS,23,78,4,15,6,0,1,3,0,0,6,18,0,0,1,.192,.259,.308,.567
Michael Taylor,WAS,OF,43,76,6,16,5,0,0,2,4,0,7,32,2,0,0,.211,.277,.276,.553
Lewis Brinson,MIA,OF,27,76,4,15,5,0,0,4,0,1,2,28,1,0,3,.197,.247,.263,.510
Brendan Rodgers,COL,2B,25,76,8,17,2,0,0,7,0,0,4,27,0,0,1,.224,.272,.250,.522
Jake Cave,MIN,OF,29,74,8,13,2,0,1,4,0,0,8,28,0,0,5,.176,.299,.243,.542
Yordan Alvarez,HOU,OF,19,73,12,25,7,0,7,25,0,0,9,21,0,0,0,.342,.415,.726,1.141
Kelvin Gutierrez,KC,3B,20,73,4,19,2,1,1,11,1,0,5,24,0,1,0,.260,.304,.356,.660
Yangervis Solarte,SF,2B,28,73,9,15,5,0,1,7,0,0,4,16,1,0,0,.205,.247,.315,.562
Alex Avila,ARI,C,29,72,12,17,4,0,5,13,1,0,20,24,0,0,1,.236,.409,.500,.909
Mac Williamson,SEA,OF,22,72,10,14,0,0,3,10,0,1,9,24,0,0,1,.194,.293,.319,.612
Greg Allen,CLE,OF,29,71,12,15,3,3,2,12,0,0,3,18,2,1,2,.211,.260,.423,.683
Nick Hundley,OAK,C,31,70,5,14,3,1,2,5,0,1,2,18,0,0,1,.200,.233,.357,.590
Mike Freeman,CLE,SS,36,70,10,19,4,0,2,10,1,2,11,24,3,1,1,.271,.373,.414,.787
Shed Long,SEA,2B,19,69,9,16,7,0,1,5,3,1,10,20,0,0,0,.232,.329,.377,.706
Max Stassi,HOU,C,23,68,4,12,1,0,1,3,0,0,5,23,0,0,1,.176,.243,.235,.478
Tyler O'Neill,STL,OF,29,66,8,17,3,0,1,4,0,0,4,30,0,0,0,.258,.300,.348,.648
Andrew Knapp,PHI,C,40,66,7,10,2,0,1,2,0,0,13,26,2,0,0,.152,.291,.227,.518
Edwin Encarnacion,NYY,1B,16,65,12,8,2,0,4,7,0,0,6,23,0,0,1,.123,.208,.338,.546
Blake Swihart,ARI,C,30,64,9,9,0,0,3,9,0,0,4,27,0,0,0,.141,.191,.281,.472
Cedric Mullins,BAL,OF,22,64,7,6,0,2,0,4,1,0,4,14,2,1,3,.094,.181,.156,.337
Nicky Delmonico,CWS,OF,21,63,6,13,2,0,1,6,0,1,4,25,0,0,1,.206,.265,.286,.551
Charlie Culberson,ATL,SS,63,63,8,20,3,2,3,14,0,1,5,16,0,1,0,.317,.362,.571,.933
Jesus Sucre,BAL,C,21,62,3,13,2,0,0,3,0,0,4,13,0,0,1,.210,.269,.242,.511
Kendrys Morales,NYY,DH,19,62,7,11,1,0,1,5,0,0,12,6,0,0,1,.177,.320,.242,.562
John Ryan Murphy,ARI,C,25,62,9,11,3,0,4,7,0,0,6,28,1,0,0,.177,.250,.419,.669
Matt Kemp,CIN,OF,20,60,4,12,2,0,1,5,0,0,1,19,0,1,0,.200,.210,.283,.493
Chance Sisco,BAL,C,19,60,12,17,5,0,6,17,0,1,8,23,0,0,3,.283,.394,.667,1.061
Jon Berti,MIA,2B,22,59,12,14,2,0,2,4,1,0,7,16,0,1,1,.237,.324,.373,.697
Sean Rodriguez,PHI,2B,35,58,11,13,3,0,2,8,1,1,7,19,3,1,2,.224,.324,.379,.703
Jedd Gyorko,STL,3B,38,56,5,11,0,0,2,7,2,0,6,14,0,0,0,.196,.274,.304,.578
Isaac Galloway,MIA,OF,19,54,6,9,1,0,0,1,2,0,0,17,0,0,0,.167,.167,.185,.352
Jose Osuna,PIT,1B,30,53,12,17,5,0,5,13,0,0,4,12,0,0,1,.321,.379,.698,1.077
Derek Fisher,HOU,OF,17,53,9,12,2,1,1,5,4,1,7,14,0,0,0,.226,.317,.358,.675
Tommy Edman,STL,2B,21,53,8,15,1,2,3,9,3,0,1,10,0,0,1,.283,.309,.547,.856
Myles Straw,HOU,SS,25,52,11,15,2,1,0,3,5,1,10,13,0,0,0,.288,.403,.365,.768
Adam Engel,CWS,OF,26,52,7,11,2,1,1,4,0,1,4,20,1,0,1,.212,.281,.346,.627
Jacob Stallings,PIT,C,22,52,8,17,1,0,1,4,0,0,6,13,0,0,0,.327,.397,.404,.801
Justin Upton,LAA,OF,14,52,7,14,1,0,3,6,0,0,6,15,0,0,0,.269,.345,.462,.807
Erik Gonzalez,PIT,2B,16,51,2,11,2,1,0,2,3,0,6,13,2,0,0,.216,.298,.294,.592
Mac Williamson,SF,OF,15,51,3,6,1,0,1,7,2,0,5,18,0,0,1,.118,.211,.196,.407
Terrance Gore,KC,OF,37,51,13,14,2,1,0,1,13,5,6,18,0,0,1,.275,.362,.353,.715
Christian Arroyo,TB,3B,16,50,8,11,2,0,2,7,0,0,5,18,1,0,1,.220,.304,.380,.684
Jonathan Davis,TOR,OF,18,50,3,7,0,0,1,2,1,1,2,13,0,0,0,.140,.173,.200,.373
Nate Lowe,TB,1B,14,50,9,12,2,0,2,4,0,0,5,16,0,1,1,.240,.316,.400,.716
Thairo Estrada,NYY,2B,25,50,10,14,3,0,3,11,2,0,3,14,1,0,0,.280,.321,.520,.841
Marco Hernandez,BOS,2B,19,50,10,18,4,0,2,7,1,0,0,11,0,0,1,.360,.373,.560,.933
Phil Gosselin,PHI,2B,32,49,3,12,3,0,0,6,0,0,1,10,0,0,0,.245,.260,.306,.566
Keon Broxton,NYM,OF,34,49,5,7,1,0,0,2,4,1,4,22,0,0,0,.143,.208,.163,.371
Hanley Ramirez,CLE,1B,16,49,4,9,1,0,2,8,0,0,8,17,0,0,0,.184,.298,.327,.625
Tyler Wade,NYY,2B,20,49,8,10,0,0,0,5,5,0,7,18,2,0,1,.204,.316,.204,.520
Phillip Ervin,CIN,OF,26,49,6,14,2,2,1,6,0,2,5,20,0,0,0,.286,.352,.469,.821
Kevin Cron,ARI,1B,24,48,8,10,4,0,4,11,0,1,4,19,0,1,0,.208,.264,.542,.806
Chad Wallach,MIA,C,19,48,4,12,3,0,1,3,0,0,6,12,0,0,0,.250,.333,.375,.708
Miguel Andujar,NYY,3B,12,47,1,6,0,0,0,1,0,0,1,11,0,1,0,.128,.143,.128,.271
Pat Valaika,COL,2B,26,47,6,6,1,0,1,2,0,0,6,21,0,0,0,.128,.226,.213,.439
J.B. Shuck,PIT,OF,27,47,4,10,0,1,0,2,1,1,8,10,1,0,1,.213,.339,.255,.594
Alex Dickerson,SF,OF,16,47,11,17,4,2,4,15,1,1,6,10,0,0,1,.362,.444,.787,1.231
Bryan Holaday,MIA,C,16,45,6,14,2,0,2,7,0,1,6,8,1,0,1,.311,.404,.489,.893
Josh VanMeter,CIN,2B,30,45,3,10,3,0,0,4,1,1,6,15,0,0,2,.222,.340,.289,.629
Daniel Palka,CWS,OF,17,45,0,1,0,0,0,2,0,0,6,18,0,0,1,.022,.154,.022,.176
Roman Quinn,PHI,OF,19,45,6,5,1,0,0,2,3,0,5,19,0,0,0,.111,.200,.133,.333
Dustin Peterson,DET,OF,17,44,3,10,4,0,0,6,1,0,2,14,0,0,1,.227,.277,.318,.595
Peter Bourjos,LAA,OF,26,44,4,4,1,0,0,2,2,0,1,15,0,1,0,.091,.109,.114,.223
Alen Hanson,TOR,2B,18,43,5,7,0,0,0,4,1,0,3,17,0,1,1,.163,.229,.163,.392
Austin Wynns,BAL,C,15,43,3,10,1,0,0,3,0,0,3,7,1,0,0,.233,.283,.256,.539
Jack Mayfield,HOU,2B,16,42,5,6,4,0,1,3,0,0,1,8,0,0,0,.143,.163,.310,.473
Austin Allen,SD,C,19,42,2,11,3,0,0,3,0,0,5,9,0,0,0,.262,.340,.333,.673
Peter O'Brien,MIA,1B,14,42,2,7,1,0,1,4,1,0,4,19,0,0,1,.167,.255,.262,.517
Eric Stamets,CLE,SS,15,41,4,2,1,0,0,2,0,0,5,24,1,1,0,.049,.149,.073,.222
Wilfredo Tovar,LAA,SS,16,41,3,8,4,0,0,3,0,0,5,9,0,0,0,.195,.283,.293,.576
Tim Federowicz,TEX,C,16,41,5,9,2,0,3,5,0,0,3,20,3,0,0,.220,.273,.488,.761
Cesar Puello,LAA,OF,12,41,6,16,3,0,3,12,0,0,3,8,0,0,6,.390,.500,.683,1.183
Jake Lamb,ARI,3B,14,41,5,9,2,0,1,5,0,0,7,14,0,0,1,.220,.347,.341,.688
Carlos Gonzalez,CHC,OF,15,40,8,7,2,0,1,3,0,2,8,19,0,1,0,.175,.306,.300,.606
Richard Urena,TOR,SS,16,40,2,10,3,0,0,0,0,0,1,13,2,0,0,.250,.268,.325,.593
Carter Kieboom,WAS,SS,11,39,4,5,0,0,2,2,0,0,4,16,0,0,0,.128,.209,.282,.491
Pablo Reyes,PIT,OF,23,39,5,5,0,0,0,3,0,0,3,14,0,0,0,.128,.190,.128,.318
Socrates Brito,TOR,OF,17,39,5,3,0,1,0,2,0,0,4,17,0,0,0,.077,.163,.128,.291
Michael Perez,TB,C,15,39,6,10,5,0,0,2,0,0,6,15,0,0,1,.256,.370,.385,.755
Cesar Puello,MIA,OF,14,39,4,6,1,0,0,3,0,0,4,11,0,0,2,.154,.267,.179,.446
Dustin Garneau,LAA,C,17,38,6,10,2,0,0,2,0,0,5,10,0,0,3,.263,.391,.316,.707
Yadiel Rivera,MIA,SS,20,38,2,7,2,0,0,3,0,0,4,13,0,0,0,.184,.262,.237,.499
Humberto Arteaga,KC,SS,11,38,5,9,1,0,0,1,1,0,3,7,2,0,0,.237,.293,.263,.556
Kyle Garlick,LAD,OF,25,37,5,8,2,0,2,4,0,0,3,16,0,0,0,.216,.275,.432,.707
Jason Martin,PIT,OF,19,36,4,9,2,0,0,2,2,0,3,10,0,0,0,.250,.308,.306,.614
Brad Miller,CLE,2B,13,36,4,9,3,0,1,4,1,0,4,10,0,0,0,.250,.325,.417,.742
Greg Bird,NYY,1B,10,35,6,6,0,0,1,1,0,0,6,16,0,0,0,.171,.293,.257,.550
Mark Zagunis,CHC,OF,29,35,2,9,3,0,0,5,0,0,4,15,0,0,0,.257,.333,.343,.676
Jon Jay,CWS,OF,10,35,4,10,2,0,0,5,0,0,3,8,1,1,1,.286,.350,.343,.693
Erik Kratz,SF,C,15,32,1,4,2,0,1,3,0,0,2,6,0,0,2,.125,.222,.281,.503
Jared Walsh,LAA,1B,14,32,3,8,2,0,0,2,0,0,2,13,0,0,0,.250,.294,.313,.607
Bobby Bradley,CLE,1B,11,32,3,7,5,0,0,3,0,0,2,13,0,0,0,.219,.265,.375,.640
Max Moroff,CLE,2B,20,32,3,4,1,0,1,4,1,0,2,16,1,0,0,.125,.176,.250,.426
Sam Travis,BOS,1B,10,31,1,6,0,0,0,2,0,0,0,8,0,0,0,.194,.194,.194,.388
Giancarlo Stanton,NYY,OF,9,31,4,9,1,0,1,7,0,0,7,13,0,0,0,.290,.421,.419,.840
Mike Ford,NYY,1B,11,30,7,6,1,0,1,2,0,0,9,10,0,0,1,.200,.400,.333,.733
Tyler Saladino,MIL,SS,12,29,2,3,0,0,0,0,1,0,1,13,0,0,0,.103,.133,.103,.236
Aaron Altherr,PHI,OF,22,29,2,1,1,0,0,1,0,0,1,9,0,0,0,.034,.067,.069,.136
Caleb Joseph,ARI,C,13,28,4,4,2,0,0,2,0,0,1,8,1,0,1,.143,.200,.214,.414
Bobby Wilson,DET,C,9,28,2,4,1,0,0,2,0,0,1,6,1,0,0,.143,.172,.179,.351
Austin Nola,SEA,C,17,27,4,8,1,0,1,2,0,0,1,10,0,0,1,.296,.345,.444,.789
Blake Swihart,BOS,C,12,26,4,6,1,0,1,4,0,0,2,7,0,0,1,.231,.310,.385,.695
Victor Reyes,DET,OF,9,26,5,6,0,1,0,3,1,1,3,3,0,0,0,.231,.310,.308,.618
Patrick Wisdom,TEX,3B,9,26,1,4,1,0,0,1,0,0,1,15,1,0,0,.154,.185,.192,.377
Mike Brosseau,TB,3B,8,26,5,10,4,0,1,5,0,0,1,6,0,0,0,.385,.407,.654,1.061
Will Smith,LAD,C,9,26,4,7,1,0,3,6,1,0,3,9,0,0,0,.269,.345,.654,.999
Garrett Stubbs,HOU,C,8,25,1,4,1,0,0,2,1,0,1,5,0,0,0,.160,.192,.200,.392
Luis Urias,SD,2B,11,24,2,2,1,0,0,0,0,0,4,11,0,0,1,.083,.241,.125,.366
DJ Stewart,BAL,OF,7,24,0,4,0,0,0,0,1,0,1,8,0,0,0,.167,.200,.167,.367
Braden Bishop,SEA,OF,10,24,1,2,0,0,0,2,0,0,0,9,0,0,0,.083,.083,.083,.166
Brad Miller,PHI,2B,17,23,4,7,0,1,2,4,0,0,4,5,0,0,0,.304,.407,.652,1.059
Mikie Mahtook,DET,OF,9,23,0,0,0,0,0,0,0,0,2,11,0,0,0,.000,.080,.000,.080
Franklin Barreto,OAK,2B,7,23,3,2,1,0,1,1,1,0,0,10,0,0,0,.087,.087,.261,.348
Travis d'Arnaud,NYM,C,10,23,2,2,0,0,0,2,0,0,2,5,0,0,0,.087,.160,.087,.247
Zack Collins,CWS,C,8,22,3,1,0,0,1,3,0,0,5,12,0,0,0,.045,.222,.182,.404
Luis Guillorme,NYM,3B,15,21,4,3,0,0,0,0,0,0,1,7,0,0,0,.143,.182,.143,.325
Tzu-Wei Lin,BOS,SS,13,20,3,4,2,0,0,1,1,1,2,6,0,0,0,.200,.273,.300,.573
Dustin Pedroia,BOS,2B,6,20,1,2,0,0,0,1,0,0,1,2,0,0,0,.100,.143,.100,.243
Scooter Gennett,CIN,2B,6,20,0,2,0,0,0,0,0,0,0,6,0,0,0,.100,.100,.100,.200
Jake Elmore,PIT,2B,11,20,0,1,0,0,0,0,0,0,0,3,0,0,0,.050,.050,.050,.100
Jorge Bonifacio,KC,OF,5,20,3,7,3,0,0,3,0,0,1,7,0,0,0,.350,.381,.500,.881
Adrian Sanchez,WAS,2B,17,20,1,4,0,0,0,0,0,0,0,7,0,0,0,.200,.200,.200,.400
Alex Dickerson,SD,OF,12,19,1,3,0,0,0,2,0,0,0,7,0,0,0,.158,.158,.158,.316
Beau Taylor,OAK,C,8,19,3,4,0,0,2,2,0,0,4,5,0,0,1,.211,.375,.526,.901
Yonathan Daza,COL,OF,6,18,1,1,0,0,0,0,0,0,1,5,0,0,0,.056,.105,.056,.161
Josh Fuentes,COL,3B,9,18,2,2,0,0,0,0,0,0,0,8,0,0,0,.111,.111,.111,.222
Drew Butera,COL,C,7,17,4,3,2,0,0,0,0,0,1,4,1,0,0,.176,.222,.294,.516
Erik Kratz,TB,C,6,17,0,1,0,0,0,0,0,0,0,8,0,0,0,.059,.059,.059,.118
Kevin Pillar,TOR,OF,5,16,1,1,0,0,0,1,0,0,0,3,0,1,0,.063,.059,.063,.122
Aramis Garcia,SF,1B,6,16,3,3,0,0,2,3,0,0,1,8,0,0,0,.188,.235,.563,.798
Franchy Cordero,SD,OF,9,15,2,5,1,0,0,1,1,0,4,7,0,1,0,.333,.450,.400,.850
Taylor Davis,CHC,C,6,15,2,3,0,0,1,4,0,0,2,4,0,0,0,.200,.294,.400,.694
Mike Gerber,SF,OF,4,15,0,1,1,0,0,0,0,0,1,9,0,0,0,.067,.125,.133,.258
Edwin Rios,LAD,1B,8,15,3,4,1,1,0,1,0,0,4,6,0,0,0,.267,.421,.467,.888
Connor Joe,SF,OF,8,15,1,1,0,0,0,0,0,0,1,5,0,0,0,.067,.125,.067,.192
Frank Schwindel,KC,1B,6,15,0,1,0,0,0,0,0,0,0,2,0,0,0,.067,.067,.067,.134
Rocky Gale,LAD,C,5,15,1,2,0,0,0,0,0,0,0,7,0,0,0,.133,.133,.133,.266
Kyle Higashioka,NYY,C,4,15,2,3,2,0,0,1,0,0,0,6,0,1,0,.200,.188,.333,.521
Austin Slater,SF,1B,5,14,2,6,2,1,2,9,0,0,2,4,0,0,0,.429,.500,1.143,1.643
Lane Thomas,STL,OF,11,13,1,4,0,0,1,4,1,0,1,3,0,0,0,.308,.357,.538,.895
Jake Noll,WAS,2B,8,12,1,2,1,0,0,2,0,0,1,4,0,0,0,.167,.231,.250,.481
Andrew Stevenson,WAS,OF,9,12,3,3,0,0,0,0,0,0,2,4,0,0,1,.250,.400,.250,.650
Andrew Velazquez,TB,SS,10,12,2,1,1,0,0,0,0,0,0,6,0,0,0,.083,.083,.167,.250
Chris Herrmann,OAK,C,4,12,2,5,1,0,1,5,0,0,1,3,0,0,0,.417,.462,.750,1.212
Jarrett Parker,LAA,OF,5,12,1,0,0,0,0,0,0,0,3,8,0,0,0,.000,.200,.000,.200
Troy Tulowitzki,NYY,SS,5,11,1,2,1,0,1,1,0,0,2,4,0,0,0,.182,.308,.545,.853
Robel Garcia,CHC,3B,4,11,3,4,0,1,2,2,0,0,2,4,0,0,0,.364,.462,1.091,1.553
Taylor Ward,LAA,3B,6,10,1,1,1,0,0,0,0,0,0,7,0,0,0,.100,.100,.200,.300
Alex Jackson,ATL,C,3,10,0,0,0,0,0,0,0,0,1,3,0,0,0,.000,.091,.000,.091
Matt Thaiss,LAA,1B,3,10,1,1,1,0,0,0,0,0,0,6,0,0,0,.100,.100,.200,.300
Aaron Altherr,NYM,OF,6,10,2,1,0,0,1,1,0,0,1,6,0,0,0,.100,.182,.400,.582
Seby Zavala,CWS,C,3,9,1,1,0,0,0,0,0,0,0,7,0,0,0,.111,.111,.111,.222
Michael Reed,SF,OF,4,8,0,0,0,0,0,0,0,0,0,6,0,0,0,.000,.000,.000,.000
Rangel Ravelo,STL,1B,6,8,0,1,0,0,0,0,0,0,1,3,0,0,0,.125,.222,.125,.347
Drew Robinson,STL,OF,5,7,1,1,0,0,0,0,0,0,0,3,0,0,0,.143,.143,.143,.286
Rajai Davis,NYM,OF,4,7,2,2,0,0,1,3,0,0,0,2,0,0,0,.286,.286,.714,1.000
Wilkin Castillo,MIA,C,2,7,0,1,1,0,0,2,0,0,0,3,0,0,0,.143,.143,.286,.429
Skye Bolt,OAK,OF,4,7,1,1,1,0,0,0,0,0,1,2,0,0,0,.143,.250,.286,.536
Adam Haseley,PHI,OF,2,7,2,1,1,0,0,1,0,0,1,1,0,0,0,.143,.250,.286,.536
Andrew Knizner,STL,C,2,7,0,0,0,0,0,0,0,0,0,1,0,0,0,.000,.000,.000,.000
Nick Ciuffo,TB,C,3,6,0,1,0,0,0,0,0,0,0,3,0,0,0,.167,.167,.167,.334
Eric Haase,CLE,C,2,6,0,0,0,0,0,0,0,0,1,4,0,0,0,.000,.143,.000,.143
Anthony Bemboom,TB,C,3,5,0,2,1,0,0,1,0,0,0,2,0,0,0,.400,.400,.600,1.000
Domingo Leyba,ARI,SS,6,5,0,1,0,0,0,0,0,0,0,2,0,0,0,.200,.200,.200,.400
Jacob Nottingham,MIL,C,6,5,1,2,0,0,1,4,0,0,0,2,0,0,0,.400,.400,1.000,1.400
Jim Adduci,CHC,1B,2,5,0,0,0,0,0,0,0,0,0,3,0,0,0,.000,.000,.000,.000
Ichiro Suzuki,SEA,OF,2,5,0,0,0,0,0,0,0,0,1,1,0,0,0,.000,.167,.000,.167
Jose Pirela,SD,2B,2,5,0,0,0,0,0,0,0,0,0,3,0,0,0,.000,.000,.000,.000
Tyler Austin,MIN,1B,2,4,1,1,1,0,0,0,0,0,1,3,0,0,0,.250,.400,.500,.900
Yu Chang,CLE,SS,2,4,0,0,0,0,0,0,0,0,0,2,0,0,0,.000,.000,.000,.000
Drew Jackson,BAL,SS,3,3,0,0,0,0,0,0,0,0,1,1,0,0,0,.000,.250,.000,.250
Anthony Alford,TOR,OF,1,3,0,0,0,0,0,0,0,0,0,1,0,0,0,.000,.000,.000,.000
Breyvic Valera,NYY,2B,1,3,0,1,0,0,0,0,0,0,0,0,0,0,0,.333,.333,.333,.666
David Freitas,SEA,C,1,2,1,0,0,0,0,1,0,0,1,0,0,1,0,.000,.250,.000,.250
Mitch Walding,PHI,3B,2,2,0,0,0,0,0,0,0,0,0,2,0,0,0,.000,.000,.000,.000
Noel Cuevas,COL,OF,1,2,0,0,0,0,0,0,0,0,0,0,0,0,0,.000,.000,.000,.000
LaMonte Wade,MIN,OF,2,2,1,0,0,0,0,0,0,1,1,0,0,0,1,.000,.500,.000,.500
Mauricio Dubon,MIL,SS,1,1,0,0,0,0,0,0,0,0,0,0,0,0,0,.000,.000,.000,.000
Dylan Cozens,PHI,OF,1,1,0,0,0,0,0,0,0,0,0,0,0,0,0,.000,.000,.000,.000
Aaron Altherr,SF,OF,1,1,0,0,0,0,0,0,0,0,0,1,0,0,0,.000,.000,.000,.000
Travis d'Arnaud,LAD,C,1,1,0,0,0,0,0,0,0,0,0,0,0,0,0,.000,.000,.000,.000
Kevin Kramer,PIT,2B,1,0,1,0,0,0,0,0,0,0,1,0,0,0,0,.000,1.000,.000,1.000